Keyword,priority,Volume,KD,CPC,Competition,Intents,Ссылка конкурента 1,Ссылка конкурента 2,Ссылка конкурента 3,Заголовок конкурента 1,Заголовок конкурента 2,Заголовок конкурента 3,Сниппет конкурента 1,Сниппет конкурента 2,Сниппет конкурента 3
world builder app,1,480,0,0.68,0.17,I,,,,,,,,,
low code app builders,2,390,0,5.14,0.28,I,,,,,,,,,
business builder app,3,260,5,9.02,0.22,I,,,,,,,,,
self credit builder app,4,590,17,1.86,0.1,I,,,,,,,,,
dating app builder,5,480,18,0,0,I,,,,,,,,,
minecraft builder app,6,390,17,0,0,I,,,,,,,,,
wix app builder,7,480,26,3.6,0.38,"I,N",,,,,,,,,
deck builder app,8,480,23,1.02,0.56,I,,,,,,,,,
good barber app builder,9,260,15,4.17,0.65,"I,N",,,,,,,,,
goodbarber app builder,10,260,15,4.17,0.65,"I,N",,,,,,,,,
clash royale deck builder app,11,480,24,0,0,I,,,,,,,,,
resume builder app iphone,12,320,16,2.81,0.05,I,,,,,,,,,
adobe app builder,13,260,16,4.17,0.26,"I,N",,,,,,,,,
app builder adobe,14,260,16,4.17,0.26,"I,N",,,,,,,,,
bolt ai app builder,15,390,22,3.81,0.68,I,,,,,,,,,
pokemon builder app,16,210,12,0,0.01,I,,,,,,,,,
resume builder app for iphone,17,320,19,2.81,0.05,I,,,,,,,,,
team builder app,18,260,19,2.72,0.24,"I,N",,,,,,,,,
warhammer 40k army builder app,19,140,10,4.4,0.04,"I,N",,,,,,,,,
drag drop app builder,20,320,20,3.69,0.64,I,,,,,,,,,
bravo app builder,21,170,13,3.55,0.56,"I,N",,,,,,,,,
android app builder free,22,390,26,2.43,0.56,I,,,,,,,,,
3d builder app,23,210,14,1.37,0.21,I,,,,,,,,,
white label mobile app builder,24,140,9,3.57,0.46,I,,,,,,,,,
app builder white label,25,140,9,3.57,0.46,I,,,,,,,,,
mobile app builder white label,26,140,9,3.57,0.46,I,,,,,,,,,
subwoofer box builder app,27,170,15,0,0.03,"I,N",,,,,,,,,
poster builder app,28,480,37,0.56,0.49,I,,,,,,,,,
salesforce platform app builder certification,29,210,19,1.4,0.21,"I,N",,,,,,,,,
church app builder,30,210,16,3.82,0.74,I,,,,,,,,,
church mobile app builder,31,210,16,3.82,0.74,I,,,,,,,,,
app store screenshot builder,32,320,25,1.55,0.28,I,,,,,,,,,
best free app builder,33,390,31,3.78,0.82,I,,,,,,,,,
thunkable app builder,34,140,13,2.48,0.32,"I,N",,,,,,,,,
app builders sydney,35,170,28,0,0,"L,C",,,,,,,,,
conversation builder app,36,70,5,0,0,I,,,,,,,,,
word builder app,37,70,5,0,0.03,I,,,,,,,,,
jotform app builder,38,260,22,4.07,0.24,I,,,,,,,,,
rocket app builder,39,110,11,3.8,0.76,"I,N",,,,,,,,,
salesforce certified platform app builder,40,210,22,1.4,0.21,"I,N",,,,,,,,,
salesforce certification platform app builder,41,210,22,1.4,0.21,"I,N",,,,,,,,,
city builder apps,42,210,19,2.52,0.24,I,,,,,,,,,
drag drop mobile app builder,43,320,30,3.69,0.64,I,,,,,,,,,
mobile app drag and drop builder,44,320,30,3.69,0.64,I,,,,,,,,,
web app builder,45,360,34,5.97,0.47,I,,,,,,,,,
best mobile app builder free,46,390,37,3.78,0.82,I,,,,,,,,,
best app builder free,47,390,38,3.78,0.82,I,,,,,,,,,
drop and drag app builder,48,320,31,3.69,0.64,I,,,,,,,,,
app builder cost,49,260,25,2.37,0.7,I,,,,,,,,,
shopify mobile app builders,50,210,20,5.38,0.11,I,,,,,,,,,
credit builder apps like kikoff,51,110,10,3.7,0.89,I,,,,,,,,,
sentence builder app,52,90,8,1.57,0.11,I,,,,,,,,,
community church builder app,53,90,8,2.05,0.45,I,,,,,,,,,
best free mobile app builder,54,390,39,3.78,0.82,I,,,,,,,,,
best free app builders,55,390,39,3.78,0.82,I,,,,,,,,,
city builder app,56,210,21,2.52,0.24,I,,,,,,,,,
app builder android free,57,390,40,2.43,0.56,I,,,,,,,,,
app builder free android,58,390,40,2.43,0.56,I,,,,,,,,,
drag and drop mobile app builder,59,320,33,3.69,0.64,I,,,,,,,,,
app builder microsoft,60,260,33,3.76,0.39,"I,N",,,,,,,,,
restaurant mobile app builder,61,110,11,12.79,0.56,I,,,,,,,,,
drag and drop app builders,62,320,34,3.69,0.64,I,,,,,,,,,
church community builder app,63,90,9,2.05,0.45,I,,,,,,,,,
pokemon deck builder app,64,170,18,0.78,0.06,I,,,,,,,,,
lol builder app,65,210,23,4.62,0.1,I,,,,,,,,,
car builder app,66,170,19,1.35,0.08,I,,,,,,,,,
ipad app builder,67,260,30,2.77,0.23,I,,,,,,,,,
white label app builder,68,140,16,3.57,0.46,I,,,,,,,,,
army rack builder app,69,140,16,0.14,0.27,I,,,,,,,,,
drag and drop app builder,70,320,38,3.69,0.64,I,,,,,,,,,
app builder drag and drop,71,320,39,3.69,0.64,I,,,,,,,,,
pc builder app,72,260,32,0.06,0.13,I,,,,,,,,,
app builders near me,73,110,27,11.53,0.75,"L,C",,,,,,,,,
app builder for restaurant,74,110,13,12.79,0.56,I,,,,,,,,,
shopify mobile app builder,75,210,26,5.38,0.11,I,,,,,,,,,
arcgis web app builder,76,260,33,2.87,0.12,I,,,,,,,,,
app builder near me,77,110,28,11.53,0.75,"L,C",,,,,,,,,
appy pie free app builder,78,170,26,0,0,"I,N",,,,,,,,,
best vocabulary builder app,79,210,27,1.13,0.4,I,,,,,,,,,
pwa app builder,80,210,27,3.67,0.4,I,,,,,,,,,
lightning app builder,81,140,18,7.01,0.23,I,,,,,,,,,
platform app builder certification,82,140,18,0.01,0.12,I,,,,,,,,,
bubble app builder review,83,110,14,1.68,0.54,I,,,,,,,,,
shed builder app,84,110,14,0.64,0.45,I,,,,,,,,,
yu gi oh deck builder app,85,110,14,0,0.01,I,,,,,,,,,
salesforce platform app builder,86,140,22,1.74,0.25,"I,N",,,,,,,,,
platform app builder salesforce,87,140,22,1.74,0.25,"I,N",,,,,,,,,
salesforce certified app builder,88,140,22,0.03,0.15,"I,N",,,,,,,,,
progressive web app builder,89,210,28,3.67,0.4,I,,,,,,,,,
pathfinder 2e character builder app,90,170,23,0,0,I,,,,,,,,,
power app ai builder,91,210,29,4,0.08,I,,,,,,,,,
power apps ai builder,92,210,29,4,0.08,I,,,,,,,,,
best vocab builder app,93,210,29,1.13,0.4,I,,,,,,,,,
coc base builder app,94,90,12,0,0.04,I,,,,,,,,,
fence builder app,95,90,12,1.59,0.52,I,,,,,,,,,
yugioh deck builder app,96,110,15,0,0.01,I,,,,,,,,,
salesforce lightning app builder,97,110,15,6.34,0.13,I,,,,,,,,,
progressive app builder,98,210,30,3.67,0.4,I,,,,,,,,,
room builder app,99,260,38,0.59,0.72,I,,,,,,,,,
shopify app builder,100,260,38,4.42,0.32,I,,,,,,,,,
web app builder arcgis,101,260,38,2.87,0.12,I,,,,,,,,,
app builders for hire,102,210,31,13.26,0.4,I,,,,,,,,,
ecommerce app builders,103,210,31,4.56,0.28,I,,,,,,,,,
builder game apps,104,210,31,2.52,0.24,I,,,,,,,,,
easiest mobile app builder,105,260,39,3.89,0.7,I,,,,,,,,,
story builder app,106,110,16,1.12,0.07,I,,,,,,,,,
builders app,107,110,16,5.1,0.38,I,,,,,,,,,
restaurant app builder,108,110,17,12.79,0.56,I,,,,,,,,,
family tree builder app,109,110,17,0.54,0.11,I,,,,,,,,,
platform app builder,110,140,22,4.15,0.28,I,,,,,,,,,
certified platform app builder,111,140,22,0.01,0.12,I,,,,,,,,,
flutterflow app builder,112,110,21,3.6,0.39,"I,N",,,,,,,,,
custom truck builder app,113,90,14,0.95,0.17,I,,,,,,,,,
e builder app,114,50,9,6.02,0.53,"I,N",,,,,,,,,
stair builder app,115,70,11,1.32,0.26,I,,,,,,,,,
flask app builder,116,110,22,2.73,0.07,"I,N",,,,,,,,,
appsheet app builder,117,210,36,0,0,I,,,,,,,,,
clash of clans base builder app,118,90,15,0,0.04,I,,,,,,,,,
credit builder apps like self,119,90,15,4.06,0.86,I,,,,,,,,,
buildfire app builder,120,70,14,3.4,0.37,"I,N",,,,,,,,,
sfdc app builder certification,121,140,24,0.03,0.15,I,,,,,,,,,
best no code app builder reddit,122,50,8,4.03,0.6,I,,,,,,,,,
credit builder loan app,123,170,30,2.74,0.36,I,,,,,,,,,
bubble web app builder,124,90,19,3.3,0.12,"I,N",,,,,,,,,
best mobile app builder software,125,210,38,5.07,0.67,I,,,,,,,,,
salesforce app builder certification,126,140,25,0.03,0.15,I,,,,,,,,,
app builder salesforce certification,127,140,25,0.03,0.15,I,,,,,,,,,
warhammer army builder app,128,70,12,0,0.04,I,,,,,,,,,
credit builder loan apps,129,170,31,2.74,0.36,I,,,,,,,,,
app builder in salesforce,130,110,20,5.37,0.32,I,,,,,,,,,
wix website builder app,131,210,40,3.91,0.03,I,,,,,,,,,
gun builder app,132,70,13,0,0,I,,,,,,,,,
iphone app builder,133,170,35,4.57,0.66,I,,,,,,,,,
react app builder,134,140,29,3.3,0.71,I,,,,,,,,,
shape builder app,135,70,14,0,0,I,,,,,,,,,
app builder iphone,136,170,36,4.57,0.66,I,,,,,,,,,
best mtg deck builder app,137,110,23,0,0,I,,,,,,,,,
best magic deck builder app,138,110,23,0,0,I,,,,,,,,,
taxi app builder,139,50,10,5.56,0.59,I,,,,,,,,,
free sermon builder app,140,50,10,1,0.6,I,,,,,,,,,
mit app builder,141,90,23,3.52,0.25,"I,N",,,,,,,,,
workout builder app,142,170,37,1.92,0.56,I,,,,,,,,,
salesforce app builder,143,110,24,5.37,0.32,I,,,,,,,,,
wix mobile app builder,144,110,24,3.03,0.19,I,,,,,,,,,
sales force app builder,145,110,24,5.37,0.32,I,,,,,,,,,
app builder mit,146,90,24,3.52,0.25,"I,N",,,,,,,,,
best ai app builder,147,160,37,6.14,0.86,I,,,,,,,,,
app builder for iphone,148,170,40,4.57,0.66,I,,,,,,,,,
career builder app,149,90,21,0.29,0.5,I,,,,,,,,,
radio app builder,150,50,12,2.46,0.71,I,,,,,,,,,
best builder game apps,151,50,12,4.61,0.34,I,,,,,,,,,
bubble mobile app builder,152,70,21,1.62,0.16,"I,N",,,,,,,,,
free mobile app builder,153,150,39,3.8,0.75,I,,,,,,,,,
social media app builder,154,110,29,3.76,0.63,I,,,,,,,,,
event app builder,155,90,24,11.69,0.03,I,,,,,,,,,
flutter app builder,156,140,38,2.41,0.78,I,,,,,,,,,
engine builder app,157,50,13,0,0.04,I,,,,,,,,,
cabinet builder app,158,50,13,0.81,0.55,I,,,,,,,,,
adobe developer app builder,159,50,16,7.19,0.15,"I,N",,,,,,,,,
iot app builder,160,140,39,0,0,I,,,,,,,,,
tournament builder app,161,70,19,0.67,0.16,I,,,,,,,,,
web app builder esri,162,110,31,2.36,0.09,I,,,,,,,,,
pokemon team builder app,163,70,20,0,0,I,,,,,,,,,
career builders app,164,90,28,0.29,0.5,I,,,,,,,,,
free church app builder,165,50,16,2.43,0.82,I,,,,,,,,,
church app builder free,166,50,16,2.43,0.82,I,,,,,,,,,
credit score builder app,167,90,30,4.29,0.44,I,,,,,,,,,
esri web app builder,168,110,38,2.36,0.09,I,,,,,,,,,
free app builder for iphone,169,90,31,2.62,0.82,I,,,,,,,,,
event mobile app builder,170,90,31,11.69,0.03,I,,,,,,,,,
schedule builder app,171,90,31,2.56,0.7,I,,,,,,,,,
resume builder app for android,172,70,24,1.12,0.3,I,,,,,,,,,
platform app builder practice exam,173,70,24,0,0.07,I,,,,,,,,,
pokemon tcg deck builder app,174,50,17,0,0.02,I,,,,,,,,,
swift app builder,175,90,32,3.09,0.56,I,,,,,,,,,
community builder app,176,70,25,3.16,0.6,I,,,,,,,,,
australian app builders,177,70,25,0,0.2,I,,,,,,,,,
magento app builder,178,50,18,0,0.22,I,,,,,,,,,
salesforce platform app builder practice exam,179,50,18,2.03,0.19,I,,,,,,,,,
deck builder app free,180,70,27,1.05,0.83,I,,,,,,,,,
bridge builder app,181,50,19,0,0.02,I,,,,,,,,,
app bridge builder,182,50,19,0,0.02,I,,,,,,,,,
free app builder iphone,183,90,37,2.62,0.82,I,,,,,,,,,
app builder free software,184,90,37,3.47,0.61,I,,,,,,,,,
iphone app builder free,185,90,37,2.62,0.82,I,,,,,,,,,
resume builder app android,186,70,29,1.12,0.3,I,,,,,,,,,
crossword builder app,187,70,29,0.24,0.27,I,,,,,,,,,
free ios app builder,188,90,38,3.27,0.81,I,,,,,,,,,
squarespace app builder,189,50,21,2.36,0.6,I,,,,,,,,,
routine builder app,190,90,39,1.09,0.7,I,,,,,,,,,
no code ios app builder,191,90,39,3.69,0.8,I,,,,,,,,,
free drag and drop app builder,192,50,22,2.14,0.56,I,,,,,,,,,
magento mobile app builder,193,50,22,0,0.22,I,,,,,,,,,
drag and drop free app builder,194,50,22,2.14,0.56,I,,,,,,,,,
best city builder app,195,50,22,4.61,0.34,I,,,,,,,,,
best city builder apps,196,50,22,4.61,0.34,I,,,,,,,,,
app builders australia,197,70,32,0,0.2,I,,,,,,,,,
free web app builder,198,70,34,4.1,0.81,I,,,,,,,,,
what is the best no code app builder,199,70,34,4.71,0.32,I,,,,,,,,,
woocommerce mobile app builder,200,50,24,4.06,0.28,I,,,,,,,,,
woocommerce app builder,201,50,24,4.06,0.28,I,,,,,,,,,
slack app builder,202,70,35,6.5,0.11,I,,,,,,,,,
app builder wordpress,203,70,35,5.56,0.35,I,,,,,,,,,
free drag and drop mobile app builder,204,50,27,2.14,0.56,I,,,,,,,,,
bracket builder app,205,50,27,0,0.05,I,,,,,,,,,
free app builder for android,206,50,28,2.69,0.65,I,,,,,,,,,
construction builder app,207,50,28,5.78,0.79,I,,,,,,,,,
vocabulary builder app for adults,208,50,29,1.26,0.3,I,,,,,,,,,
airtable app builder,209,50,32,3.72,0.64,I,,,,,,,,,
circuit builder app,210,50,33,0.39,0.05,I,,,,,,,,,
route builder app,211,50,33,2.05,0.76,I,,,,,,,,,
app builder for android,212,50,35,4.98,0.5,I,,,,,,,,,
drag and drop app builder free,213,50,35,2.14,0.56,I,,,,,,,,,
simple web app builder,214,50,36,3.92,0.15,I,,,,,,,,,
xcode app builder,215,50,39,4.06,0.47,I,,,,,,,,,
