keyword,priority,volume,cpc,competition,kd,Ссылка конкурента 1,Ссылка конкурента 2,Ссылка конкурента 3,Заголовок конкурента 1,Заголовок конкурента 2,Заголовок конкурента 3,Сниппет конкурента 1,Сниппет конкурента 2,Сниппет конкурента 3
affiliate marketing platforms,1,6600,2.97,5,33,,,,,,,,,
affiliate marketing tool,2,1900,3.26,6,12,,,,,,,,,
affiliate tracking,3,2400,7.41,25,18,,,,,,,,,
referral rock,4,880,4.5,33,6,,,,,,,,,
affiliate marketing for business,5,3600,1.1,7,28,,,,,,,,,
affiliate tool,6,1900,2.89,4,15,,,,,,,,,
affiliate marketing tools,7,1900,139.81,6,17,,,,,,,,,
affiliate marketing tracking platforms,8,210,10.75,32,1,,,,,,,,,
referral program for ecommerce,9,210,7.65,6,1,,,,,,,,,
software affiliates,10,2400,205.67,24,22,,,,,,,,,
partnership programs,11,1000,207.4,11,11,,,,,,,,,
affiliate software tracking,12,2400,205.06,24,29,,,,,,,,,
affiliate marketing softwares,13,2400,5.7,19,29,,,,,,,,,
employee referral program software,14,480,545.36,2,5,,,,,,,,,
employee referrals software,15,480,480.2,1,5,,,,,,,,,
partners programs,16,1000,3.45,18,12,,,,,,,,,
client referral program,17,880,8.97,19,11,,,,,,,,,
ecommerce referral program,18,210,7.65,6,2,,,,,,,,,
affiliate software,19,2400,4.78,24,34,,,,,,,,,
affiliate tracking software,20,2400,4.78,24,34,,,,,,,,,
software affiliate,21,2400,4.77,24,34,,,,,,,,,
track affiliate programs,22,2400,206.2,24,34,,,,,,,,,
affiliate marketing for software,23,2400,5.7,19,34,,,,,,,,,
tracking affiliate program,24,2400,4.78,24,34,,,,,,,,,
affiliate marketing providers,25,1900,2.2,3,28,,,,,,,,,
referral management,26,390,5.29,18,5,,,,,,,,,
client referral,27,320,4.25,6,4,,,,,,,,,
referral software program,28,1600,286.42,9,25,,,,,,,,,
affiliate management,29,880,281.04,8,14,,,,,,,,,
affiliate tools,30,1900,3.26,6,32,,,,,,,,,
referral program for saas,31,170,242.29,28,2,,,,,,,,,
software referral program,32,1300,11.63,7,22,,,,,,,,,
program partner,33,1000,4.76,11,18,,,,,,,,,
referral program software,34,1300,7.98,8,24,,,,,,,,,
customer referrals,35,260,4.41,9,4,,,,,,,,,
referral marketing software,36,1300,11.63,7,25,,,,,,,,,
referral programs software,37,1300,7.98,8,25,,,,,,,,,
boost referral program,38,140,0.02,3,2,,,,,,,,,
affiliate dashboards,39,140,4.46,43,2,,,,,,,,,
customer referral program,40,880,8.97,19,18,,,,,,,,,
customer referral,41,320,7.74,19,6,,,,,,,,,
platform affiliate,42,480,6.33,73,10,,,,,,,,,
best tool for affiliate marketing,43,170,3.11,12,3,,,,,,,,,
referral logo,44,170,0.78,5,3,,,,,,,,,
track affiliate links,45,170,2.37,42,3,,,,,,,,,
best tools for affiliate marketing,46,170,136.46,12,3,,,,,,,,,
best affiliate marketing tools,47,170,3.11,12,3,,,,,,,,,
affiliate marketing program management,48,210,6.62,22,4,,,,,,,,,
marketing network software,49,480,9.74,13,11,,,,,,,,,
app referrals,50,320,130.86,19,7,,,,,,,,,
affiliate link generator,51,260,2.43,62,6,,,,,,,,,
affiliate program managers,52,260,277.14,10,6,,,,,,,,,
client referral programs,53,720,8.8,25,19,,,,,,,,,
saas affiliate program,54,320,1.59,43,8,,,,,,,,,
affiliate program saas,55,320,105.09,49,8,,,,,,,,,
affiliate marketing saas,56,210,110.87,36,5,,,,,,,,,
referral pages,57,210,4.99,14,5,,,,,,,,,
tracking affiliate links,58,210,2.39,40,5,,,,,,,,,
referrals page,59,140,0.0,2,3,,,,,,,,,
affiliates services,60,140,8.33,10,3,,,,,,,,,
referral marketing,61,720,4.95,30,20,,,,,,,,,
software for affiliate programs,62,480,2.39,41,13,,,,,,,,,
computer software affiliate,63,480,2.39,41,13,,,,,,,,,
best affiliate marketing tool,64,170,3.11,12,4,,,,,,,,,
ecommerce referral software,65,170,6.26,13,4,,,,,,,,,
ecommerce referral programs,66,170,6.26,13,4,,,,,,,,,
referral program ecommerce,67,170,6.23,13,4,,,,,,,,,
referral program saas,68,170,5.49,28,4,,,,,,,,,
affiliate management marketing,69,170,3.83,22,4,,,,,,,,,
referral tracking,70,320,8.71,39,9,,,,,,,,,
saas affiliate software,71,320,1.59,43,9,,,,,,,,,
referral programs for customers,72,720,5.3,18,22,,,,,,,,,
customer referral programs,73,720,379.09,25,22,,,,,,,,,
affiliate manager program,74,480,11.1,22,15,,,,,,,,,
affiliate referrals,75,320,141.67,27,10,,,,,,,,,
referral program for small business,76,260,6.75,31,8,,,,,,,,,
referral web,77,170,2.95,33,5,,,,,,,,,
saas referral programs,78,170,5.49,28,5,,,,,,,,,
examples of referral programs,79,590,121.95,26,20,,,,,,,,,
affiliate dashboard,80,140,4.46,43,4,,,,,,,,,
affiliate marketing software open source,81,110,0.0,0,3,,,,,,,,,
referrals system,82,210,5.07,40,7,,,,,,,,,
small business referral programs,83,210,230.53,32,7,,,,,,,,,
referral program templates,84,260,3.1,46,9,,,,,,,,,
referral businesses,85,390,5.34,21,15,,,,,,,,,
affiliate link tracking,86,170,2.37,42,6,,,,,,,,,
referral program tracking,87,260,276.52,19,10,,,,,,,,,
best affiliate tracker,88,210,686.0,43,8,,,,,,,,,
automated affiliate programs,89,210,2.05,19,8,,,,,,,,,
managing affiliate programs,90,210,6.62,22,8,,,,,,,,,
refer company,91,140,3.76,20,5,,,,,,,,,
best referral program,92,390,2.81,38,16,,,,,,,,,
affiliate marketing apps,93,320,2.48,27,13,,,,,,,,,
affiliate referral programs,94,320,128.26,35,13,,,,,,,,,
affiliate software open source,95,110,0.0,0,4,,,,,,,,,
open source affiliate program software,96,110,0.0,0,4,,,,,,,,,
affiliate marketing tools free,97,110,0.0,6,4,,,,,,,,,
what is affiliate management,98,110,0,1,4,,,,,,,,,
software affiliate programs,99,480,2.39,41,21,,,,,,,,,
app referral,100,390,2.99,34,17,,,,,,,,,
best referral programs,101,390,3.67,53,17,,,,,,,,,
saas referral program,102,170,5.49,28,7,,,,,,,,,
affiliate reward,103,480,2.02,1,23,,,,,,,,,
referral discounts,104,260,2.88,3,12,,,,,,,,,
good referral program,105,390,3.67,53,19,,,,,,,,,
great referral programs,106,390,2.81,38,19,,,,,,,,,
affiliate companies,107,720,1.34,23,37,,,,,,,,,
earn money affiliate,108,720,0.83,37,37,,,,,,,,,
refer sites,109,320,1.46,2,16,,,,,,,,,
referral programs for businesses,110,390,9.04,6,20,,,,,,,,,
best referral marketing programs,111,390,2.81,38,20,,,,,,,,,
referral tracking program,112,260,9.56,31,13,,,,,,,,,
affiliate marketing online business,113,720,2.52,4,39,,,,,,,,,
referral program for businesses,114,390,9.04,6,21,,,,,,,,,
affiliate portals,115,720,1.87,4,40,,,,,,,,,
manage affiliate program,116,210,6.62,22,11,,,,,,,,,
affiliate program management,117,210,6.62,22,11,,,,,,,,,
referral programs for small businesses,118,210,5.27,32,11,,,,,,,,,
partners software,119,140,10.85,17,7,,,,,,,,,
affiliate program softwares,120,590,2.47,33,33,,,,,,,,,
best affiliate tracking software,121,260,17.71,52,14,,,,,,,,,
referral program small business,122,260,6.61,23,14,,,,,,,,,
referral software ecommerce,123,170,274.56,13,9,,,,,,,,,
software referrals,124,390,8.0,26,22,,,,,,,,,
refer website,125,590,0.44,2,34,,,,,,,,,
business referral programs,126,390,9.04,6,23,,,,,,,,,
referral reward,127,260,2.9,7,15,,,,,,,,,
affiliate management software,128,480,16.08,19,29,,,,,,,,,
affiliate management programs,129,480,11.1,22,29,,,,,,,,,
affiliate marketing management software,130,480,13.67,17,29,,,,,,,,,
affiliate management program,131,480,692.72,19,29,,,,,,,,,
referral software,132,390,8.0,26,24,,,,,,,,,
affiliate software free,133,140,5.1,39,8,,,,,,,,,
affiliate tracking software free,134,140,5.1,39,8,,,,,,,,,
affiliate tracking free,135,140,5.1,39,8,,,,,,,,,
affiliation tracking,136,140,6.83,37,8,,,,,,,,,
my refer,137,140,0.0,0,8,,,,,,,,,
affiliate management company,138,170,10.56,5,10,,,,,,,,,
small business referral program,139,210,5.27,32,14,,,,,,,,,
ad tracker software,140,210,7.12,31,14,,,,,,,,,
affiliate track,141,140,6.83,37,9,,,,,,,,,
affiliate marketing influencers,142,140,166.58,33,9,,,,,,,,,
affiliate software programs,143,480,2.39,41,34,,,,,,,,,
affiliate management program software,144,480,603.15,17,34,,,,,,,,,
affiliate program for software,145,480,102.72,41,34,,,,,,,,,
referral tracking software,146,260,276.32,19,18,,,,,,,,,
affiliate platforms,147,480,4.19,69,35,,,,,,,,,
affiliate marketing for influencers,148,480,216.76,2,35,,,,,,,,,
referral app,149,320,2.34,35,23,,,,,,,,,
referral program marketing strategy,150,210,0.96,6,15,,,,,,,,,
tracking software for affiliate marketers,151,170,12.78,29,12,,,,,,,,,
free affiliate tracking software,152,140,5.1,39,10,,,,,,,,,
referral marketing programs,153,260,288.19,8,20,,,,,,,,,
referral marketing program,154,260,6.53,8,20,,,,,,,,,
tracking affiliate marketing,155,140,13.7,47,11,,,,,,,,,
how to make a referral program,156,140,3.86,28,11,,,,,,,,,
partner programs,157,170,3.41,34,14,,,,,,,,,
marketing referral program,158,260,6.53,8,22,,,,,,,,,
affiliate program software,159,390,4.39,29,34,,,,,,,,,
best referral marketing software,160,210,477.18,12,18,,,,,,,,,
earn referrals,161,210,1.57,16,18,,,,,,,,,
saas referral software,162,170,5.49,28,15,,,,,,,,,
best affiliate software,163,210,15.68,43,19,,,,,,,,,
free affiliate marketing tracking software,164,170,5.07,53,16,,,,,,,,,
free affiliate software,165,140,223.73,39,13,,,,,,,,,
build a referral program,166,140,269.47,47,13,,,,,,,,,
create a referral program,167,140,270.15,47,13,,,,,,,,,
create referral program,168,140,6.16,47,13,,,,,,,,,
creating a referral program,169,140,6.13,47,13,,,,,,,,,
affiliate pro,170,110,3.81,58,10,,,,,,,,,
refer system,171,110,0.0,0,10,,,,,,,,,
manage affiliate programs,172,260,279.5,10,26,,,,,,,,,
referral system,173,210,201.39,30,21,,,,,,,,,
building a referral program,174,140,4.91,32,14,,,,,,,,,
how to create referral program,175,110,3.87,27,11,,,,,,,,,
marketing referral programs,176,260,6.53,8,28,,,,,,,,,
best referral software,177,170,555.85,14,18,,,,,,,,,
service affiliate,178,140,365.11,10,15,,,,,,,,,
partnership software,179,140,10.85,17,15,,,,,,,,,
affiliate influencer marketing,180,110,282.45,33,12,,,,,,,,,
free affiliate tracking,181,140,5.1,39,16,,,,,,,,,
affiliate marketing tracking platform,182,210,470.21,32,25,,,,,,,,,
affiliate tracking platforms,183,210,11.65,33,25,,,,,,,,,
how to create a referral program,184,110,3.87,27,13,,,,,,,,,
free affiliate tracker,185,140,223.17,39,18,,,,,,,,,
referral advertising,186,110,6.69,10,14,,,,,,,,,
client referral program ideas,187,110,0.42,5,14,,,,,,,,,
affiliate marketing management,188,110,280.26,36,14,,,,,,,,,
affiliate tracking platform,189,210,10.75,32,29,,,,,,,,,
free affiliate marketing platform,190,140,3.15,13,19,,,,,,,,,
best referral program software,191,170,551.75,14,24,,,,,,,,,
affiliate programs tracking,192,170,12.78,29,25,,,,,,,,,
affiliate marketing tracking,193,170,7.48,24,25,,,,,,,,,
affiliate marketing software free,194,110,208.3,15,16,,,,,,,,,
free affiliate marketing software,195,110,4.75,15,16,,,,,,,,,
best software affiliate programs,196,110,197.01,34,16,,,,,,,,,
affiliate app,197,140,3.45,31,21,,,,,,,,,
free software affiliate,198,110,4.75,15,17,,,,,,,,,
ecommerce affiliate software,199,210,4.62,35,34,,,,,,,,,
managed affiliate program,200,210,6.62,22,34,,,,,,,,,
free software affiliate programs,201,110,208.67,15,18,,,,,,,,,
free affiliate program software,202,110,4.75,15,18,,,,,,,,,
affiliate marketing tracking software,203,170,12.78,29,29,,,,,,,,,
affiliate program tracking,204,170,12.78,29,29,,,,,,,,,
affiliate tracking programs,205,170,12.78,29,29,,,,,,,,,
affiliate links website,206,140,2.55,74,24,,,,,,,,,
referral marketing tool,207,140,0.0,8,24,,,,,,,,,
referral marketing tools,208,140,0.0,8,24,,,,,,,,,
referral company,209,140,3.76,20,24,,,,,,,,,
best affiliate marketing software,210,110,17.37,34,19,,,,,,,,,
referral program,211,110,95.99,5,19,,,,,,,,,
referral website,212,170,2.93,33,30,,,,,,,,,
affiliate tracker,213,140,2.55,50,25,,,,,,,,,
referral platform,214,140,288.06,49,25,,,,,,,,,
referral websites,215,170,2.95,33,31,,,,,,,,,
best software for affiliate marketing,216,110,17.37,34,20,,,,,,,,,
affiliate marketing tracker,217,140,13.7,47,26,,,,,,,,,
best affiliate tools,218,170,3.11,12,33,,,,,,,,,
affiliate tracking program,219,170,12.78,29,34,,,,,,,,,
affiliate free software,220,110,207.75,15,23,,,,,,,,,
best affiliate program software,221,110,4.49,34,25,,,,,,,,,
reward referral program,222,110,5.2,17,25,,,,,,,,,
affiliate best,223,170,44.04,53,40,,,,,,,,,
affiliate management platform,224,140,605.94,13,34,,,,,,,,,
referral invite,225,140,4.5,10,34,,,,,,,,,
best affiliate programs software,226,110,1.87,68,27,,,,,,,,,
referral reward program,227,110,227.47,17,27,,,,,,,,,
best affiliate software programs,228,110,7.17,38,28,,,,,,,,,
referral marketing platforms,229,140,13.19,12,37,,,,,,,,,
software affiliate network,230,110,10.48,9,29,,,,,,,,,
referral platforms,231,140,6.86,47,38,,,,,,,,,
software affiliate networks,232,110,10.48,9,34,,,,,,,,,
affiliate marketing marketplace,233,110,140.44,56,38,,,,,,,,,
