Keyword,priority,Volume,KD,Intent,Бизнес-ценность,Статус,Источник,URL готовой статьи,Ссылка конкурента 1,Ссылка конкурента 2,Ссылка конкурента 3,Заголовок конкурента 1,Заголовок конкурента 2,Заголовок конкурента 3,Сниппет конкурента 1,Сниппет конкурента 2,Сниппет конкурента 3
chatgpt alternatives,1,27100,28,"C,T",1,🔲 Не начато,zapier.com,,https://zapier.com/blog/chatgpt-alternatives/,https://deepai.org/chat/chatgpt-alternative,https://ai.plainenglish.io/top-10-chatgpt-alternatives-that-dont-cost-a-penny-b6f285de5db2,The 8 best ChatGPT alternatives in 2026,ChatGPT Alternative,Top 10 ChatGPT Alternatives That Don't Cost a Penny,The best ChatGPT alternatives · Claude for professionals · Google Gemini for Google integrations · Zapier Agents for creating an AI agent · Microsoft Copilot ...Read more,Looking for something similar to ChatGPT from OpenAI? Try the ChatGPT Alternative! Note that ChatGPT Alternative has no affiliation with OpenAI.Read more,"Jul 31, 2025 — Top 10 ChatGPT Alternatives That Don't Cost a Penny · 1. Google Gemini (formerly Bard) · 2. Perplexity AI · 3. Microsoft Copilot · 4. Claude by ...Read more"
chatgpt alternative,2,27100,28,"C,T",1,🔲 Не начато,zapier.com,,https://deepai.org/chat/chatgpt-alternative,https://ai.plainenglish.io/top-10-chatgpt-alternatives-that-dont-cost-a-penny-b6f285de5db2,https://zapier.com/blog/chatgpt-alternatives/,ChatGPT Alternative,Top 10 ChatGPT Alternatives That Don't Cost a Penny,The 8 best ChatGPT alternatives in 2026,Looking for something similar to ChatGPT from OpenAI? Try the ChatGPT Alternative! Note that ChatGPT Alternative has no affiliation with OpenAI.Read more,"Jul 31, 2025 — Top 10 ChatGPT Alternatives That Don't Cost a Penny · 1. Google Gemini (formerly Bard) · 2. Perplexity AI · 3. Microsoft Copilot · 4. Claude by ...Read more",Which ChatGPT alternative should you use? · Zapier Chatbots · ChatGPT · Anthropic (Claude) · Google Vertex AI · Google AI Studio · Zapier Agents · Perplexity.Read more
repl it alternatives,3,1300,1,"C,T",1,🔲 Не начато,replit.com,,https://www.reddit.com/r/replit/comments/1i8ni84/looking_for_replit_alternative/,https://shipper.now/replit-alternatives/,https://www.digitalocean.com/resources/articles/replit-alternatives,looking for replit alternative.,Top 7 Replit Alternatives: Tested in Real-World Scenarios,Top 6 Collaborative Replit Alternatives for Teams in 2026,"Assuming you want Replit as a full stack AI software engineer you're looking at Replit, Bolt, Lovable and Lazy. They're all slightly different - budget ...Read more","Dec 25, 2025 — Want something smoother than Replit? Try Shipper.now, Cursor, and Lovable - easy tools to bring your idea to life. See the full list.","Dec 11, 2025 — Popular Replit alternatives include GitHub Codespaces, CodeSandbox, StackBlitz (Bolt), Codeanywhere, Ona, and JetBrains, each supporting ...Read more"
cursor alternatives,4,1600,2,"C,T",1,🔲 Не начато,replit.com,,https://www.reddit.com/r/ChatGPTCoding/comments/1ikz8oh/cursor_alternative/,https://morphllm.com/comparisons/cursor-alternatives,https://www.builder.io/blog/cursor-alternatives-2026,Cursor alternative? : r/ChatGPTCoding,Cursor Alternatives (2026): We Tested 7 Tools and the $0 One ...,Cursor Alternatives in 2026,"Copilot in VSCode looks and performs amazingly! It's more responsive and faster then Cursor, and it seems to be more accurate in its actions.Read more","Mar 1, 2026 — Is there a free alternative to Cursor? Yes. Cline is free and open-source with native subagents. Google Antigravity is free during its public ...Read more","Dec 3, 2025 — Cursor redefined AI coding, but it's no longer alone. Explore the best Cursor alternatives in 2026 for agents, speed, pricing, control, ..."
chat gpt alternatives,5,9900,23,"C,T",1,🔲 Не начато,zapier.com,,https://ai.plainenglish.io/top-10-chatgpt-alternatives-that-dont-cost-a-penny-b6f285de5db2,https://deepai.org/chat/chatgpt-alternative,https://bit-flows.com/blog/best-chatgpt-alternatives/,Top 10 ChatGPT Alternatives That Don't Cost a Penny,ChatGPT Alternative,The Best ChatGPT Alternatives in 2026: Free and Paid ...,"Jul 31, 2025 — 1. Google Gemini (formerly Bard) · 2. Perplexity AI · 3. Microsoft Copilot · 4. Claude by Anthropic · 5. Poe by Quora · 6. Chatsonic by Writesonic · 7 ...Read more",Looking for something similar to ChatGPT from OpenAI? Try the ChatGPT Alternative! Note that ChatGPT Alternative has no affiliation with OpenAI.Read more,"Oct 9, 2025 — These include ChatGPT, Anthropic's Claude, Google Gemini, DeepSeek, Perplexity, and xAI's Grok. I use official documents, pricing pages, and ...Read more"
chat gpt alternative,6,9900,23,"C,T",1,🔲 Не начато,zapier.com,,,,,Manus AI,ChatGPT: smart and simple AI | Find the answer with ChatGPT,Claude | Claude 4.5 & Chatbox - Powered by Anthropic,,,
alternative to chatgpt,7,5400,23,"C,T",1,🔲 Не начато,zapier.com,,,,,Codex is Now Better Than Ever,Manus AI,Claude | Claude 4.5 & Chatbox - Powered by Anthropic,,,
n8n alternative,8,1300,6,"C,T",1,🔲 Не начато,keywords_info,,,,,,,,,,
quickbooks software alternative,9,4400,26,"C,T",1,🔲 Не начато,zapier.com,,https://www.accountingseed.com/quickbooks-alternatives/,https://www.xero.com/versus/quickbooks-alternative/,https://www.reddit.com/r/smallbusiness/comments/11h1ct1/what_are_the_best_alternatives_to_quickbooks/,9 QuickBooks Alternatives for Growing Businesses,A QuickBooks Alternative for Your Small Business,What are the best alternatives to Quickbooks Online?,This guide will cover the following QuickBooks alternatives: Certinia (formerly FinancialForce); FreshBooks; Microsoft Dynamics 365 Business Central; Oracle ...Read more,"Xero's cloud-based software is a QuickBooks alternative that means business – whenever, wherever you are.Read more","Some popular options include Xero, Wave, FreshBooks, and Zoho Books. I would recommend doing some research and comparing the features and ...Read more"
chatgpt alternative free,10,3600,22,"C,T",1,🔲 Не начато,zapier.com,,,,,,,,,,
chatgpt alternatives free,11,3600,22,"C,T",1,🔲 Не начато,zapier.com,,https://ai.plainenglish.io/top-10-chatgpt-alternatives-that-dont-cost-a-penny-b6f285de5db2,https://bit-flows.com/blog/best-chatgpt-alternatives/,https://deepai.org/chat/chatgpt-alternative,Top 10 ChatGPT Alternatives That Don't Cost a Penny,The Best ChatGPT Alternatives in 2026: Free and Paid ...,ChatGPT Alternative,"Jul 31, 2025 — 1. Google Gemini (formerly Bard) · 2. Perplexity AI · 3. Microsoft Copilot · 4. Claude by Anthropic · 5. Poe by Quora · 6. Chatsonic by Writesonic · 7 ...Read more","Oct 9, 2025 — With so many AI models, which is the best ChatGPT alternative? We compare Gemini and Claude for developers, marketers, and researchers.",Looking for something similar to ChatGPT from OpenAI? Try the ChatGPT Alternative! Note that ChatGPT Alternative has no affiliation with OpenAI.Read more
gmail alternatives,12,2400,15,"C,T",1,🔲 Не начато,zapier.com,,https://pumble.com/blog/gmail-alternatives/,https://www.reddit.com/r/degoogle/comments/1fg80mp/are_there_truly_no_viable_alternatives_to_gmail/,https://zapier.com/blog/gmail-alternatives/,Best Gmail Alternatives 2026: Full Guide,Are there truly no viable alternatives to Gmail? : r/degoogle,The 5 best Gmail alternatives in 2026,"Dec 22, 2025 — Looking for Gmail alternatives? Our guide lays out the top choices, from privacy-focused providers to feature-rich services.","My two cents would be to consider Zoho, they have a free tier abd a very budget friendly paid plans (I pay $15/year), and you get to use your ...Read more","Jan 11, 2026 — The 5 best Gmail alternatives · Apple Mail for iPhone and Mac users · Microsoft Outlook for Microsoft users · Shortwave for AI-powered features.Read more"
gmail alternative,13,2400,15,"C,T",1,🔲 Не начато,zapier.com,,https://pumble.com/blog/gmail-alternatives/,https://zapier.com/blog/gmail-alternatives/,https://www.reddit.com/r/degoogle/comments/1lf9s1v/best_alternative_to_gmail/,Best Gmail Alternatives 2026: Full Guide,The 5 best Gmail alternatives in 2026,Best alternative to Gmail? : r/degoogle,"Dec 22, 2025 — Looking for Gmail alternatives? Our guide lays out the top choices, from privacy-focused providers to feature-rich services.","Jan 11, 2026 — The 5 best Gmail alternatives · Apple Mail for iPhone and Mac users · Microsoft Outlook for Microsoft users · Shortwave for AI-powered features.Read more","If you just want to leave Google, I'd say Fastmail is even better than Gmail, and one of the easiest, most powerful and flexible email services ...Read more"
figma alternatives,14,1000,6,"C,T",1,🔲 Не начато,webflow.com,,https://www.reddit.com/r/UXDesign/comments/11veg61/open_source_alternatives_to_figma/,https://uxpilot.ai/blogs/figma-alternatives,https://cpoclub.com/tools/best-figma-competitors/,Open source alternatives (to Figma) : r/UXDesign,13 Figma Alternatives for UI/UX Design,10 Best Figma Alternatives Reviewed in 2026,"Take a look at https://quant-ux.com/. It's on opensource prototyping tool, that supports many features of Figma, but also allows to make more ...Read more","Jul 11, 2025 — 13 Figma Alternatives for UI/UX Design · 1. UXPilot AI - best Figma alternative to speed up design workflows · 2. Sketch - best macOS-based ...Read more","Jan 28, 2026 — TABLE OF CONTENTS · Whimsical · Marvel · Adobe XD · Sketch · Axure RP · Proto.io · Conceptboard · Sketchboard; Ziteboard; Miro. Other Figma ...Read more"
replit alternative,15,1600,11,"C,T",1,🔲 Не начато,keywords_info,,,,,,,,,,
trello alternatives,16,1300,10,"C,T",1,🔲 Не начато,lovable.dev,,https://www.reddit.com/r/trello/comments/1b7g4sm/completely_free_alternatives_to_trello/,https://opensource.com/alternatives/trello,https://www.goodday.work/blog/best-trello-alternatives/,Completely free alternatives to Trello,5 open source alternatives to Trello,Best Trello alternatives in 2026 (features & price compared),"Check out Kanbanq – like Trello but with sprints, a structured backlog, real-time collab and built-in AI. Free to try, no sign-up needed. Has a ...Read more",5 open source alternatives to Trello · Taiga. First up is Taiga.io. · Kanboard. Kanboard is a fairly minimalist entry into the world of open source kanban ...Read more,"Jan 5, 2026 — In-depth exploration of the best project management software alternatives to Trello · 1) GoodDay · 2) Asana · 3) Monday.com · 4) ClickUp · 5) ...Read more"
docusign alternatives,17,2400,20,"C,T",1,🔲 Не начато,lovable.dev,,,,,,,,,,
canva alternatives,18,2400,20,"C,T",1,🔲 Не начато,zapier.com,,https://zapier.com/blog/canva-alternatives/,https://www.reddit.com/r/content_marketing/comments/1fl6adl/best_alternative_for_canva/,https://www.xda-developers.com/open-source-canva-alternative-graphite/,The 7 best Canva alternatives,Best alternative for Canva? : r/content_marketing,"I found an open-source Canva alternative, and it handles ...","Jun 29, 2025 — The best Canva alternatives · Adobe Express for the best Canva alternative overall · Snappa for creating occasional images · Pixlr for an ...Read more",Use Adobe Express/Visme/Figma as an alternative for Canva. You can use also Crello. It is similar to Canva. RavenDancer. • 2y ago. Hack ...Read more,"Feb 17, 2026 — Graphite has a similar toolkit to Canva's Tool options, including a pen tool for creating paths, a spline tool for curves, a freehand tool, a ...Read more"
repl it alternative,19,1600,13,"C,T",1,🔲 Не начато,bubble.io,,https://www.reddit.com/r/replit/comments/1i8ni84/looking_for_replit_alternative/,https://shipper.now/replit-alternatives/,https://www.digitalocean.com/resources/articles/replit-alternatives,looking for replit alternative.,Top 7 Replit Alternatives: Tested in Real-World Scenarios,Top 6 Collaborative Replit Alternatives for Teams in 2026,"Assuming you want Replit as a full stack AI software engineer you're looking at Replit, Bolt, Lovable and Lazy. They're all slightly different - budget ...Read more","Dec 25, 2025 — Want something smoother than Replit? Try Shipper.now, Cursor, and Lovable - easy tools to bring your idea to life. See the full list.","Dec 11, 2025 — Popular Replit alternatives include GitHub Codespaces, CodeSandbox, StackBlitz (Bolt), Codeanywhere, Ona, and JetBrains, each supporting ...Read more"
notion alternatives,20,1600,13,"C,T",1,🔲 Не начато,zapier.com,,,https://medium.com/@danielasgharian/my-favorite-notion-alternatives-0f47b4cc7dae,https://zapier.com/blog/best-notion-alternatives/,The #1 Notion Alternative,My favorite Notion alternatives,The 9 best Notion alternatives in 2026,,My favorite Notion alternatives · Affine · Anytype · Capacities · Craft · Honorable Mentions. There are two honorable mentions. The first one is ...Read more,"Nov 3, 2025 — The best Notion alternatives · Coda for powerful formulas and databases · Mem for AI-powered personal knowledge management · Tana for turning ...Read more"
figma alternative,21,1000,8,"C,T",1,🔲 Не начато,webflow.com,,https://uxpilot.ai/blogs/figma-alternatives,https://www.reddit.com/r/UXDesign/comments/11veg61/open_source_alternatives_to_figma/,https://penpot.app/penpot-vs-figma,13 Figma Alternatives for UI/UX Design,Open source alternatives (to Figma) : r/UXDesign,Penpot: The open-source design tool alternative to Figma,"Jul 11, 2025 — 13 Figma Alternatives for UI/UX Design · 1. UXPilot AI - best Figma alternative to speed up design workflows · 2. Sketch - best macOS-based ...Read more","Take a look at https://quant-ux.com/. It's on opensource prototyping tool, that supports many features of Figma, but also allows to make more ...Read more",Penpot: The open-source design tool alternative to Figma. Penpot is a free and open-source design tool that transforms the way teams and individuals approach ...Read more
supabase alternative,22,590,5,"C,T",2,🔲 Не начато,keywords_info,,,,,,,,,,
alternatives for slack,23,1900,19,"C,T",1,🔲 Не начато,zapier.com,,https://www.reddit.com/r/opensource/comments/1pts1cg/which_slack_alternatives_do_you_actually_use_and/,https://remotewize.com/slack-alternatives/,https://zapier.com/blog/slack-alternatives/,Which slack alternatives do you actually use and enjoy?,Top 11 Slack Alternatives That Are Actually Reliable (2026),The 5 best Slack alternatives for businesses in 2026,"Matrix + Element has ended up being surprisingly solid for teams that want open protocols, good file sharing, and decent voice/video without the ...Read more","Dec 14, 2025 — Discover affordable and user-friendly Slack alternatives: Zenzap · Pumble · Chanty · Google Chat · Zulip · ClickUp Chat · and more.","Jan 23, 2026 — The best Slack alternatives · Microsoft Teams for large organizations broken down into teams · Google Chat for Google Workspace users · Discord ...Read more"
airtable alternative,24,1000,10,"C,T",1,🔲 Не начато,keywords_info,,,,,Attio | CRM of the Next Era,The #1 No-Code Alternative To Airtable,Best Airtable alternatives for smarter data visualization,,,
zoom alternatives,25,1600,17,"C,T",1,🔲 Не начато,zapier.com,,,,,,,,,,
free docusign alternatives,26,1900,21,"C,T",1,🔲 Не начато,zapier.com,,,,,,,,,,
framer alternatives,27,170,1,"C,T",3,🔲 Не начато,webflow.com,,https://www.rocket.new/blog/top-framer-alternative-tools-for-designers-and-teams,https://www.reddit.com/r/framer/comments/1i0a9sh/what_are_some_alternatives_to_framer_for_website/,https://cpoclub.com/tools/framer-alternative/,Top Framer Alternative Tools For Designers And Teams,What are some alternatives to Framer for website creation?,10 Best Framer Alternatives Reviewed in 2026,"Feb 4, 2026 — Webflow remains one of the most popular alternatives to Framer for professional designers. It combines visual design, layout control, and a ...Read more",Webflow: A powerful no-code platform for creating highly customized websites. Squarespace: A user-friendly platform ideal for small businesses ...Read more,"Jan 13, 2026 — Best Framer Alternatives Shortlist · 1. Marvel — Best for rapid prototyping · 2. Adobe XD — Best for vector-based UI design · 3. Justinmind — ...Read more"
evernote alternative,28,1600,18,"C,T",1,🔲 Не начато,zapier.com,,,,,,,,,,
alternative for shopify,29,1900,22,"C,T",1,🔲 Не начато,lovable.dev,,https://www.experte.com/ecommerce/shopify-alternatives,https://www.reddit.com/r/ecommerce/comments/1r78meb/what_ecommerce_platform_are_you_using_now_looking/,https://lovable.dev/guides/shopify-alternatives-2026,Best Shopify Alternatives: Our TOP 7 Recommendations,What ecommerce platform are you using now? Looking for ...,8 Best Shopify Alternatives in 2026: Find Your Platform,Best Shopify Alternatives: Our TOP 7 Recommendations · Wix Stores - Our Winner · BigCommerce - For Big Ecommerce Projects · 1&1 IONOS's eCommerce Website ...Read more,"If you're trying to lower long-term costs and keep flexibility, WooCommerce is a solid alternative. You avoid Shopify's transaction fees, you ...Read more","Jan 26, 2026 — 8 Best Shopify Alternatives in 2025: Find the Right Platform for Your Store · 1. WooCommerce: Best for Complete Store Ownership · 2. BigCommerce ...Read more"
mailchimp alternatives,30,1900,22,"C,T",1,🔲 Не начато,zapier.com,,https://www.emailvendorselection.com/mailchimp-alternatives/,https://zapier.com/blog/mailchimp-alternatives/,https://www.reddit.com/r/SaaSMarketing/comments/1lsbx66/what_are_some_good_alternatives_to_mailchimp/,The 9 Best Mailchimp Alternatives in 2026,The 10 best Mailchimp alternatives (free and paid) in 2026,What are some good alternatives to Mailchimp?,"Mar 30, 2026 — The 9 Best Mailchimp Alternatives in 2026 · 1. MailerLite · 2. Brevo · 3. Moosend · 4. AWeber · 5. Omnisend · 6. Mailjet · 7. GetResponse · 8.Read more","Mar 17, 2026 — Which Mailchimp alternative should you use? · ActiveCampaign · Kit (FKA ConvertKit) · Constant Contact · HubSpot · Klaviyo · SendGrid · Flodesk.Read more","I can recommend some Mailchimp alternatives that you can use: eMailwizz, Sendy, MailerLite, Mooosend, Brevo, ActiveCampaign, SuiteDash, ...Read more"
trello alternative,31,1300,15,"C,T",1,🔲 Не начато,lovable.dev,,https://www.reddit.com/r/trello/comments/1b7g4sm/completely_free_alternatives_to_trello/,https://opensource.com/alternatives/trello,https://jasminegram247.medium.com/best-free-alternatives-to-trello-for-task-management-6ffa16326b6f,Completely free alternatives to Trello,5 open source alternatives to Trello,Best Free Alternatives to Trello for Task Management.,"Check out Kanbanq – like Trello but with sprints, a structured backlog, real-time collab and built-in AI. Free to try, no sign-up needed. Has a ...Read more",5 open source alternatives to Trello · Taiga. First up is Taiga.io. · Kanboard. Kanboard is a fairly minimalist entry into the world of open source kanban ...Read more,Best Free Alternatives to Trello for Task Management. · 1. Notion: The All-In-One That Doesn't Judge · 2. ClickUp: Like Trello But on Caffeine.Read more
calendly alternatives,32,1600,19,"C,T",1,🔲 Не начато,zapier.com,,https://lunacal.ai/compare/calendly-alternative,https://calendly.com/compare,https://www.reddit.com/r/ProductivityApps/comments/1f2d3et/alternatives_to_calendly_for_scheduling_and/,10 Best Calendly Alternatives I tested in Mar 2026,Compare Calendly to the competition & evaluate alternatives,Alternatives to calendly for scheduling and meeting ...,"Jan 17, 2026 — Compare calendly alternatives like Acuity Scheduling, Lunacal, Cal.com, Doodle, HubSpot Meetings, Koalendar, Reclaim.ai, Setmore, ...","Yes, there are free alternatives to Calendly. Keep in mind that Calendly offers a free plan with core scheduling features like unlimited one-on-one meetings and ...Read more","To be fair and not fully self promotional, there are also other booking alternatives to check out like: Cal.com, TidyCal, SimplyMeet, Honeybook, ...Read more"
slack alternative,33,1600,21,"C,T",1,🔲 Не начато,zapier.com,,,,,Unisys: Let’s Break Barriers,The #1 Slack Alternative is ClickUp,5 Best Slack Alternatives,,,
slack alternatives,34,1600,21,"C,T",1,🔲 Не начато,zapier.com,,,,,,,,,,
wordpress alternative,35,1300,18,"C,T",1,🔲 Не начато,keywords_info,,,,,,,,,,
shopify alternative,36,1900,28,"C,T",1,🔲 Не начато,keywords_info,,https://lovable.dev/guides/shopify-alternatives-2026,https://www.reddit.com/r/ecommerce/comments/1r78meb/what_ecommerce_platform_are_you_using_now_looking/,https://www.experte.com/ecommerce/shopify-alternatives,8 Best Shopify Alternatives in 2026: Find Your Platform,What ecommerce platform are you using now? Looking for ...,Best Shopify Alternatives: Our TOP 7 Recommendations,"Jan 26, 2026 — 8 Best Shopify Alternatives in 2025: Find the Right Platform for Your Store · 1. WooCommerce: Best for Complete Store Ownership · 2. BigCommerce ...Read more","If you're looking for the closest to shopify and a true SAAS, BigCommerce would be your best option. They don't charge transactions fees and you ...Read more",Best Shopify Alternatives: Our TOP 7 Recommendations · Wix Stores - Our Winner · BigCommerce - For Big Ecommerce Projects · 1&1 IONOS's eCommerce Website ...Read more
hootsuite alternative,37,1300,19,"C,T",1,🔲 Не начато,zapier.com,,,,,,,,,,
hootsuite alternatives,38,1300,19,"C,T",1,🔲 Не начато,zapier.com,,https://zapier.com/blog/hootsuite-alternatives/,https://planable.io/blog/hootsuite-alternatives/,https://www.reddit.com/r/socialmedia/comments/13ey9gk/hootsuite_alternatives/,The 5 best Hootsuite alternatives,The 7 best Hootsuite alternatives in 2026,Hootsuite Alternatives : r/socialmedia,"Feb 27, 2025 — The best Hootsuite alternatives · Buffer for straightforward scheduling across multiple platforms · Vista Social for small teams · FeedHive for ...Read more","Feb 26, 2026 — My top alternatives to Hootsuite for 2026 · 1. Planable · 2. Buffer · 3. Agorapulse · 4. Sprout Social · 5. Later · 6. Statusbrew · 7. SocialBee.Read more","One great alternative to Hootsuite is Buffer. Like Hootsuite, Buffer allows you to manage multiple social media accounts from one dashboard, ...Read more"
alternatives for shopify,39,1600,24,"C,T",1,🔲 Не начато,lovable.dev,,https://www.experte.com/ecommerce/shopify-alternatives,https://www.reddit.com/r/ecommerce/comments/rrf1d1/which_sites_do_you_recommend_as_an_alternative_to/,https://lovable.dev/guides/shopify-alternatives-2026,Best Shopify Alternatives: Our TOP 7 Recommendations,Which sites do you recommend as an alternative to Shopify ...,8 Best Shopify Alternatives in 2026: Find Your Platform,Best Shopify Alternatives: Our TOP 7 Recommendations · Wix Stores - Our Winner · BigCommerce - For Big Ecommerce Projects · 1&1 IONOS's eCommerce Website ...Read more,"BigCommerce – A powerful alternative with scalability, built-in SEO tools, and no transaction fees. Wix eCommerce – Great for small businesses ...Read more","Jan 26, 2026 — 8 Best Shopify Alternatives in 2025: Find the Right Platform for Your Store · 1. WooCommerce: Best for Complete Store Ownership · 2. BigCommerce ...Read more"
excel alternative,40,1600,24,"C,T",1,🔲 Не начато,zapier.com,,https://baserow.io/blog/best-excel-alternatives,https://www.reddit.com/r/excel/comments/w0h6de/are_there_any_excel_alternatives_that_are/,https://www.abacum.ai/blog/7-excel-alternatives-to-improve-finance-automation,Best Excel Alternatives for Businesses,Are there any Excel alternatives that are actually BETTER ...,Alternative to Excel: Top 7 Free and Paid Tools,,"Google Sheets is very good and individually does a number of things much better than Excel (including implementing REGEX, parsing XML, and anything involving ...Read more",4 Best Alternatives to Excel for Finance Teams · 1. Google Sheets · 2. Libre Office Calc · 3. WPS Spreadsheets · 4. Zoho Sheets. Zoho Sheets is a fully ...Read more
notion alternative,41,880,13,"C,T",2,🔲 Не начато,keywords_info,,,,https://medium.com/@danielasgharian/my-favorite-notion-alternatives-0f47b4cc7dae,The #1 Notion Alternative,Top Notion Alternative,My favorite Notion alternatives,,,My favorite Notion alternatives · Affine · Anytype · Capacities · Craft · Honorable Mentions. There are two honorable mentions. The first one is ...Read more
firebase alternative,42,480,7,"C,T",2,🔲 Не начато,keywords_info,,https://supertokens.com/blog/firebase-alternatives,https://www.reddit.com/r/Firebase/comments/1ngmed0/what_would_be_the_best_free_alternative_to/,https://supabase.com/,4 Best Firebase Alternatives for Scalable App Development ...,What would be the best free alternative to firebase hosting ...,Supabase | The Postgres Development Platform.,"Mar 8, 2025 — Top 4 alternatives: Supabase, Appwrite, AWS Amplify, and Backendless. Key factors to consider: Scalability, data flexibility, authentication, ...Read more","Built on Parse, Back4app is a solid option that offers a decent free tier and allows you to utilize real-time updates through LiveQuery, as well ...Read more","Supabase is the Postgres development platform. Start your project with a Postgres database, Authentication, instant APIs, Edge Functions, Realtime subscriptions ...Read more"
asana alternatives,43,480,7,"C,T",2,🔲 Не начато,lovable.dev,,,,,The #1 Asana alternative,Cheaper Asana alternative,The Best alternative - Best Asana Alternative,,,
alternative shopify,44,1600,26,"C,T",1,🔲 Не начато,lovable.dev,,,,,Sem mensalidade - Venda para todo brasil,Sua Loja virtual em minutos | Venda em mais 30 marketplaces,Plataforma Para E-Commerces | O Mais Flexível do Mercado,,,
alternative of excel,45,1600,26,"C,T",1,🔲 Не начато,zapier.com,,,,https://www.libreoffice.org/,Try Confluence™ for Free,Top 7 Google Sheets Alternatives,Home | LibreOffice - Free and private office suite - Based on ...,,,"LibreOffice is a private, free and open source office suite – the successor project to OpenOffice. It's compatible with Microsoft Office/365 files.Read more"
excel alternatives,46,1600,26,"C,T",1,🔲 Не начато,zapier.com,,https://baserow.io/blog/best-excel-alternatives,https://www.reddit.com/r/excel/comments/w0h6de/are_there_any_excel_alternatives_that_are/,https://www.abacum.ai/blog/7-excel-alternatives-to-improve-finance-automation,Best Excel Alternatives for Businesses,Are there any Excel alternatives that are actually BETTER ...,Alternative to Excel: Top 7 Free and Paid Tools,,"Google Sheets is very good and individually does a number of things much better than Excel (including implementing REGEX, parsing XML, and anything involving ...Read more","Popular Excel alternatives include Google Sheets, Libre Office Calc, WPS Spreadsheets, and Zoho Sheets, but each has limitations for advanced finance needs.Read more"
dropbox alternative,47,1600,26,"C,T",1,🔲 Не начато,zapier.com,,,,,Unlimited Cloud Storage - Sync | File sharing sites like dropbox,A private Drop Box alternative,Unlimited Cloud Storage,,,
shopify alternatives,48,1600,27,"C,T",1,🔲 Не начато,lovable.dev,,https://www.experte.com/ecommerce/shopify-alternatives,https://lovable.dev/guides/shopify-alternatives-2026,https://www.reddit.com/r/ecommerce/comments/1r78meb/what_ecommerce_platform_are_you_using_now_looking/,Best Shopify Alternatives: Our TOP 7 Recommendations,8 Best Shopify Alternatives in 2026: Find Your Platform,What ecommerce platform are you using now? Looking for ...,Best Shopify Alternatives: Our TOP 7 Recommendations · Wix Stores - Our Winner · BigCommerce - For Big Ecommerce Projects · 1&1 IONOS's eCommerce Website ...Read more,"Jan 26, 2026 — 8 Best Shopify Alternatives in 2025: Find the Right Platform for Your Store · 1. WooCommerce: Best for Complete Store Ownership · 2. BigCommerce ...Read more","If you're looking for the closest to shopify and a true SAAS, BigCommerce would be your best option. They don't charge transactions fees and you ...Read more"
framer alternative,49,170,2,"C,T",3,🔲 Не начато,keywords_info,,https://www.reddit.com/r/framer/comments/1i0a9sh/what_are_some_alternatives_to_framer_for_website/,https://www.rocket.new/blog/top-framer-alternative-tools-for-designers-and-teams,https://cpoclub.com/tools/framer-alternative/,What are some alternatives to Framer for website creation?,Top Framer Alternative Tools For Designers And Teams,10 Best Framer Alternatives Reviewed in 2026,Webflow: A powerful no-code platform for creating highly customized websites. Squarespace: A user-friendly platform ideal for small businesses ...Read more,"Feb 4, 2026 — Webflow remains one of the most popular alternatives to Framer for professional designers. It combines visual design, layout control, and a ...Read more","Jan 13, 2026 — Best Framer Alternatives Shortlist · 1. Marvel — Best for rapid prototyping · 2. Adobe XD — Best for vector-based UI design · 3. Justinmind — ...Read more"
replit alternatives free,50,170,2,"C,T",3,🔲 Не начато,replit.com,,https://www.reddit.com/r/replit/comments/1hpax7l/any_free_replit_alternatives/,https://shipper.now/replit-alternatives/,https://www.digitalocean.com/resources/articles/replit-alternatives,any free Replit alternatives?,Top 7 Replit Alternatives: Tested in Real-World Scenarios,Top 6 Collaborative Replit Alternatives for Teams in 2026,You can look into NonBioS.ai . NonBioS agent can do pretty much everything Replit can. Also it has a generous free monthly tier - so most of ...Read more,"Dec 25, 2025 — The best Replit alternatives right now are: Shipper.now, Lovable, Bolt.new, Cursor, v0, Windsurf, and CoPilot. That's the short answer. But if ...Read more","Dec 11, 2025 — Popular Replit alternatives include GitHub Codespaces, CodeSandbox, StackBlitz (Bolt), Codeanywhere, Ona, and JetBrains, each supporting ...Read more"
best chatgpt alternative,51,1300,22,"C,T",1,🔲 Не начато,zapier.com,,,,,,,,,,
powerpoint alternative,52,1600,28,"C,T",1,🔲 Не начато,zapier.com,,,,,,,,,,
powerpoint alternatives,53,1600,28,"C,T",1,🔲 Не начато,zapier.com,,,,,,,,,,
webflow alternative,54,390,7,"C,T",2,🔲 Не начато,keywords_info,,,,,,,,,,
aternos alternative,55,260,5,"C,T",3,🔲 Не начато,replit.com,,https://www.reddit.com/r/feedthebeast/comments/1eprne6/better_options_than_aternos/,https://wisehosting.com/blog/7-best-aternos-alternatives-competitors,https://aternos.org/:en/,better options than aternos? : r/feedthebeast,7 Best Aternos Alternatives & Competitors in 2026,Aternos | Minecraft servers. Free. Forever.,Alternatives to Aternos for Minecraft hosting. Top modpacks for beginners in Minecraft. Best mods for enhancing gameplay experience. Unique ...Read more,"Aug 30, 2025 — If you're tired of Aternos queues and free-hosting then WiseHosting is the best paid alternative to Aternos. Unlike “forever free” hosts, ...Read more",At Aternos it is just as easy as pressing a button. Press a button now. Built to be played. We offer you servers that you can actually play and have fun on ...Read more
rabbitmq alternatives,56,170,3,"C,T",3,🔲 Не начато,n8n.io,,https://www.reddit.com/r/dotnet/comments/1g4sy7f/is_rabbitmq_worth_to_learn_or_is_therd_better/,https://stackoverflow.com/questions/6889265/are-there-any-good-alternatives-to-rabbitmq-for-low-end-setups,https://medium.com/@qingedaig/jms-vs-kafka-vs-rabbitmq-vs-activemq-1875adf7ba62,Is RabbitMQ worth to learn or is therd better alternative?,Are there any good alternatives to RabbitMQ for low-end ...,JMS vs Kafka vs RabbitMQ vs ActiveMQ | by Alice Dai,"Nothing beats RabbitMQ here, it's sheer performance alone is a strong mandate. When you need to provision, the you MIGHT want to consider ASB, ...Read more","ActiveMQ seems to be good alternative, I was using RabbitMQ to set up ""cluster"" over WAN, which is not supported by RabbitMQ cluster, since it ...Read more",Here are some notable alternatives: Apache Kafka: A distributed event streaming platform that is designed for high throughput and fault ...Read more
workday alternatives,57,210,4,"C,T",3,🔲 Не начато,n8n.io,,,,,,,,,,
netlify alternative,58,260,6,"C,T",3,🔲 Не начато,keywords_info,,,,,Deploy Websites for Free,Secure your website in minutes,"AI AppGen, Enterprise Secure | Get Started for Free Today",,,
alternative for google analytics,59,1000,27,"C,T",1,🔲 Не начато,webflow.com,,https://travis.media/blog/rybbit-best-google-analytics-alternative/,https://www.reddit.com/r/SEO/comments/17593nr/google_analytics_alternatives_which_one_are_you/,https://www.leadfeeder.com/blog/comparisons/google-analytics-alternatives/,The Best Google Analytics Alternative in 2026 (I Tried ...,Google Analytics alternatives: Which one are you using?,15 Google Analytics Alternatives for 2026,"Feb 14, 2026 — Rybbit is an open-source, privacy-first web analytics platform that somehow manages to be both simpler than GA4 and more powerful than Plausible ...Read more","There are many alternatives to Google Analytics, and all of them are very easy to use (and do not generate headaches). All of them are privacy-friendly, ...Read more","Mar 24, 2026 — 15 Powerful Google Analytics Alternatives in 2026 · 1) Leadfeeder · 2) Mixpanel · 3) Heap · 4) Piwik PRO Analytics Suite · 5) Woopra · 6) ...Read more"
prisma alternative,60,140,3,"C,T",3,🔲 Не начато,n8n.io,,https://www.thisdot.co/blog/drizzle-orm-a-performant-and-type-safe-alternative-to-prisma,https://www.reddit.com/r/node/comments/1bg8ev7/prisma_typeorm_or_something_else/,https://www.prisma.io/docs/orm/more/comparisons/prisma-and-typeorm,Drizzle ORM: A performant and type-safe alternative to ...,"Prisma, TypeORM, or something else? : r/node",Prisma ORM vs TypeORM,"Sep 6, 2023 — Drizzle ORM is a performant and type-safe alternative to Prisma. While Prisma is a fantastic library, Drizzle offers some advantages such as a ...Read more",But migrations are better than Drizzle. I heard Mikro is a good alternative but I haven't tried it. Prisma is still kind of heavy.Read more,"This page compares Prisma ORM and TypeORM. If you want to learn how to migrate from TypeORM to Prisma ORM, check out this guide.Read more"
ticktick alternative,61,140,3,"C,T",3,🔲 Не начато,n8n.io,,https://www.reddit.com/r/productivity/comments/1aw5axa/ticktick_alternative/,https://www.morgen.so/blog-posts/ticktick-alternatives,https://www.capterra.com/p/170641/TickTick/alternatives/,Ticktick alternative : r/productivity,7 Best TickTick Alternatives and Competitors in 2026,Best TickTick Alternatives 2026,"I'd recommend Amplenote which has all features you need. It has both browser and desktop apps. Moreover, it has very good note-taking features ...Read more","Jan 19, 2026 — If you're searching for TickTick alternatives, here are the best options in 2026: Morgen, Saner, Todoist, Sunsama, Superlist, Amie, and Reclaim.Read more",Alternatives to TickTick · Top TickTick Alternatives · Connecteam · Wrike · Smartsheet · Trello · Microsoft To Do · Any.do · Todoist. by Doist. 4.6 (2634).Read more
sitecore alternative,62,70,1,"C,T",3,🔲 Не начато,webflow.com,,,,,,,,,,
sitecore alternatives,63,70,1,"C,T",3,🔲 Не начато,webflow.com,,,,,,,,,,
material ui alternatives,64,70,1,"C,T",3,🔲 Не начато,retool.com,,https://www.infragistics.com/blogs/material-ui-alternatives,https://www.uxpin.com/studio/blog/material-ui-alternatives/,https://www.untitledui.com/blog/react-component-libraries,The Best Material UI Alternatives for React Developers,11 Best Material UI Alternatives,14 Best React UI Component Libraries in 2026 (+ ...,"Feb 6, 2026 — Radix UI. This open-source component library is a good MUI alternative because of its accessibility and ease of maintenance. Something that ...Read more","May 29, 2024 — 11 Best Material UI Alternatives · Table of Contents · Ant Design · React-Bootstrap · Fluent UI · Carbon Design System · Tailwind CSS · Semantic ...Read more","Explore the 14 best modern React UI component libraries in 2026. Compare MUI, shadcn/ui, AlignUI, Ant Design & Untitled UI React."
mio alternatives,65,170,4,"C,T",3,🔲 Не начато,n8n.io,,https://www.reddit.com/r/Frugal/comments/144ezii/any_good_mio_alternatives_for_getting_caffeine_in/,https://www.verywellfit.com/top-flavorings-for-your-water-bottle-3435428,https://www.facebook.com/groups/dyefreefamily/posts/2153819301621996/,Any good Mio alternatives for getting caffeine in water with ...,"The 6 Best Water Flavorings of 2026, Tested",What are alternatives to Mio for flavoring water without dye?,"Nuun sells a version of their tablets with caffeine. It is basically an electrolyte replacement drink, they have different flavors. Taste pretty ...Read more","Oct 23, 2025 — We tested nearly a dozen of the best water flavorings with help from dietitians: see which came out on top.",True Lemon is dye free and uses cane sugar instead of artificial sweeteners. I really like the strawberry and watermelon and my kids also like ...Read more
squarespace alternatives,66,720,21,"C,T",2,🔲 Не начато,lovable.dev,,https://www.experte.com/website-builder/squarespace-alternative,https://www.reddit.com/r/UXDesign/comments/1fpr9i5/with_all_the_hate_on_squarespace_any_alternative/,https://zapier.com/blog/squarespace-alternatives/,Best Squarespace Alternatives - Website Builder,"With all the hate on Squarespace, any alternative ...",The 6 best Squarespace alternatives,We extensively tested 15 website builders and 9 ecommerce platforms. Here are some of the best alternatives to Squarespace.Read more,"If you're looking for alternatives, try Webflow, Wix, Pixpa, or Weebly. Pixpa and Weebly are quite affordable and are user friendly. Wix has got ...Read more","Mar 7, 2025 — The 6 best Squarespace alternatives · Wix · Hostinger · Shopify · Jimdo · Webflow · WordPress. WordPress, our pick for the best Squarespace ...Read more"
prtg alternative,67,210,6,"C,T",3,🔲 Не начато,n8n.io,,,,,,,,,,
open source alternative jira,68,210,6,"C,T",3,🔲 Не начато,n8n.io,,https://www.openproject.org/blog/open-source-jira-alternative/,https://github.com/makeplane/plane,https://plane.so/blog/11-jira-alternatives-you-can-self-host-in-2026,OpenProject: The open source alternative to Jira,"makeplane/plane: 🔥🔥🔥 Open-source Jira, Linear ...",11 Jira alternatives you can self-host in 2026,"Mar 10, 2025 — OpenProject is a Jira alternative and offers advanced features, such as Gantt charts, time and cost tracking.","Open-source Jira, Linear, Monday, and ClickUp alternative. Plane is a modern project management platform to manage tasks, sprints, docs, and triage.","Mar 3, 2026 — Jira Server is dead. Data Center ends in 2029. Compare 11 self-hosted alternatives across features, deployment, licensing, and compliance."
open source notion alternative,69,170,5,"C,T",3,🔲 Не начато,n8n.io,,https://www.reddit.com/r/Notion/comments/16zon95/are_there_any_offlineopensource_alternatives_to/,https://itsfoss.com/notion-alternatives/,https://www.xda-developers.com/swapped-notion-for-open-source-alternative/,Are there any offline/open-source alternatives to Notion ...,5 Privacy-Focused Notion Alternatives That I Tried!,"I swapped Notion for this open-source alternative, and it's ...","I know this is an old post, but Lydie is an open-source alternative to Notion, that also has a lot of benefits against it. It runs a lot faster, ...Read more","Dec 4, 2024 — 5 Privacy-Focused Notion Alternatives That I Tried! · 1. AFFiNE · 2. AppFlowy · 3. Anytype (Source Available) · 4. Docmost · 5. Logseq.Read more","Sep 1, 2025 — Discover why Joplin, an open-source note-taking and to-do list app, replaced Notion in my workflow due to its offline-first reliability, ..."
drupal alternatives,70,140,4,"C,T",3,🔲 Не начато,webflow.com,,,,,,,,,,
free todoist alternative,71,110,3,"C,T",3,🔲 Не начато,n8n.io,,https://www.reddit.com/r/productivity/comments/1o0gzqi/best_free_alternatives_to_todoist/,https://plaky.com/blog/todoist-alternatives/,https://www.androidauthority.com/best-todoist-alternatives-3615857/,Best FREE alternatives to Todoist? : r/productivity,Top 10 Todoist Alternatives for Daily Task Management ...,Todoist price hike: 4 apps to switch to if you want to save ...,"Free alternatives also worth checking: Trello, Tasks.org, TickTick Free. All can integrate with Google Calendar to some degree. We already have ...Read more","Aug 13, 2025 — TickTick could be a great Todoist alternative if you're looking for a user-friendly app that lets you track both your daily tasks and your ...Read more","Nov 14, 2025 — Todoist price hike: Here are the best alternatives to switch to if you want to save money · TickTick · Notion · Microsoft To Do · Tasks.org.Read more"
jira alternatives open source,72,210,7,"C,T",3,🔲 Не начато,n8n.io,,,,,Jira Plans & Pricing,Top 10 Workflow Apps - See a Free List of Tools - Workflow Tools 2026,"Fast, flexible project management",,,
appsmith alternative,73,50,1,"C,T",3,🔲 Не начато,keywords_info,,https://www.reddit.com/r/selfhosted/comments/1ett5ke/opensource_alternative_to_appsmith_budibase_etc/,https://www.appsmith.com/blog/retool-alternatives,https://www.weweb.io/blog/appsmith-alternatives-best-tools-guide,"OpenSource alternative to appsmith, budibase, etc...",Top 5 Retool Alternatives & Competitors in 2025,11 Best Appsmith Alternatives for 2026 (Complete Guide),"I have already looked at Appsmith, Budibase and ToolJet. However, I would like to use one that is truly open-source and not so intrusively limited in ...Read more","Feb 2, 2025 — This article explores the top five Retool alternatives in 2025. We will discuss each tool's description, pros, cons, and unique features.Read more","Mar 20, 2026 — Discover the best Appsmith alternatives in 2026—WeWeb, Retool, ToolJet, Budibase, and more. Compare features, pricing, and use cases to pick ..."
wordpress alternatives self hosted,74,50,1,"C,T",3,🔲 Не начато,webflow.com,,,,,,,,,,
power apps alternative,75,50,1,"C,T",3,🔲 Не начато,retool.com,,,,,No code needed,Easy To Use & Customize | AI Automates Mundane Tasks,Build An App For Free,,,
alternatives to proton mail,76,170,6,"C,T",3,🔲 Не начато,n8n.io,,https://www.reddit.com/r/ProtonMail/comments/1i24exw/good_alternative/,https://hiverhq.com/blog/proton-mail-alternatives,https://proton.me/alternatives,Good alternative? : r/ProtonMail,Top 8 Proton Mail Alternatives for Secure Email in 2025,Proton vs. the Competition: Private alternatives,"Tuta, Zoho Mail, Startmail are some mail providers. AKAIK there isn't another company that provides a suite like Proton does. I will say as well ...Read more",5 days ago — Top 8 Proton Mail Alternatives · 1. Tuta (Formerly Tutanota) · 2. Fastmail · 3. Mailfence · 4. Canary Mail · 5. Zoho Mail · 6. StartMail · 7.Read more,"Private email and communication alternatives. Switch from Gmail, Outlook, and Zoom for secure, encrypted alternatives that put your privacy first and don't ...Read more"
marketplace alternative,77,260,10,"C,T",3,🔲 Не начато,webflow.com,,https://www.reddit.com/r/Anticonsumption/comments/1hbzmil/alternatives_to_facebook_marketplace_us/,https://www.cs-cart.com/blog/facebook-marketplace-alternatives/,https://amzscout.net/blog/facebook-marketplace-alternatives/,Alternatives to Facebook marketplace? (US),Top 10 Facebook Marketplace Alternatives,10 Best Alternatives to Facebook Marketplace,OfferUp has a fairly good market in a lot of areas still! I thought it was easier and less sketchy than FB marketplace. Craigslist is still ...Read more,"Oct 10, 2023 — Top 10 Websites like Facebook Marketplace · OfferUp: A Convenient Alternative to Facebook Marketplace · Mercari: A Facebook Marketplace ...Read more","Feb 3, 2026 — 2. eBay · 3. Etsy · 4. Mercari · 5. OfferUp · 6. Poshmark · 7. Craigslist · 8. Swappa · 9. Bonanza · 10. Vinted. Vinted is One ...Read more"
zapier alternatives open source,78,110,4,"C,T",3,🔲 Не начато,n8n.io,,,,https://github.com/automatisch/automatisch,No-Code IT Automation,n8n vs. Zapier vs. Make - Compare n8n vs. Zapier,Automatisch - Open Source Zapier Alternative,,,"Automatisch is a business automation tool that lets you connect different services like Twitter, Slack, and more to automate your business processes.Read more"
zapier free alternative,79,260,12,"C,T",3,🔲 Не начато,n8n.io,,,,,,,,,,
quickbooks alternatives for small business,80,720,40,"C,T",2,🔲 Не начато,lovable.dev,,,,,,,,,,
unifi alternative,81,140,7,"C,T",3,🔲 Не начато,n8n.io,,https://www.reddit.com/r/homelab/comments/1jojtcq/unifi_alternatives/,https://linuxcommunity.io/t/ive-given-up-on-unifi-alternatives/528,https://www.gartner.com/reviews/market/enterprise-wired-wireless-lan-access-infrastructure/vendor/ubiquiti/alternatives,Unifi Alternatives : r/homelab,I've given up on Unifi! - Alternatives?,Competitors and Alternatives to Ubiquiti,I think the usual alternative/choose between options in the same space as Ubiquiti is Microtik. So maybe check them out?Read more,"May 4, 2022 — So what alternatives do you guys suggest for an almost enterprise-level home network? Aruba, Ruckus, Meraki, Aerohive, Cambium, Cisco, TP-Link, ...Read more",Top Ubiquiti Alternatives · Cisco Systems · D-Link · NETGEAR · Fortinet · TP-Link · Dell Technologies · Huawei · Extreme Networks.Read more
trello alternative open source,82,140,7,"C,T",3,🔲 Не начато,n8n.io,,https://opensource.com/alternatives/trello,https://www.reddit.com/r/opensource/comments/1oj3zfp/cant_find_a_solid_opensource_trello_alternative/,https://www.focalboard.com/,5 open source alternatives to Trello,Can't find a solid open-source Trello alternative,"Focalboard: Open source alternative to Trello, Asana, and ...",5 open source alternatives to Trello · Taiga. First up is Taiga.io. · Kanboard. Kanboard is a fairly minimalist entry into the world of open source kanban ...Read more,"Focalboard is my choice here. I have installed it on my k8s cluster and have been quite happy with it. Customizable, simple, fast in response.Read more","Focalboard is an open source alternative to tools like Asana, Trello, and Notion. Check out the source code on GitHub, and contribute to the future of this ...Read more"
zapier alternative,83,140,8,"C,T",3,🔲 Не начато,keywords_info,,https://www.gumloop.com/blog/zapier-alternatives,https://www.reddit.com/r/automation/comments/1ourv3d/what_are_alternatives_to_zapier/,https://www.activepieces.com/blog/zapier-alternatives,Top 10 best Zapier alternatives I've tested in 2026,What are alternatives to Zapier? : r/automation,10 Zapier Alternatives to Automate Your Workflows in 2026,"Sep 23, 2025 — 10 Zapier alternatives and competitors in 2026 · 1. Gumloop · 2. Make · 3. n8n · 4. Relay.app · 5. IFTTT · 6. Lindy AI · 7. OttoKit · 8.Read more","If you want something similar to Zapier, check out Make (super flexible, a bit technical), Pabbly Connect (more affordable), or n8n (open-source ...Read more","Jan 14, 2026 — 10 Best Zapier Alternatives to Upgrade Your Marketing Automations · 1. Activepieces · 2. Microsoft Power Automate · 3. Huginn · 4. Pabbly ...Read more"
alternatives to airtable,84,140,8,"C,T",3,🔲 Не начато,n8n.io,,,,,MongoDB: Simplify to amplify,Attio | CRM of the Next Era,Choose the #1 Airtable Alternative,,,
tableau alternatives open source,85,140,8,"C,T",3,🔲 Не начато,n8n.io,,,,,The #1 modern data platform,Graph Database,Qlik Data,,,
alternative to replit,86,210,13,"C,T",3,🔲 Не начато,replit.com,,https://www.reddit.com/r/replit/comments/1i8ni84/looking_for_replit_alternative/,https://shipper.now/replit-alternatives/,https://www.digitalocean.com/resources/articles/replit-alternatives,looking for replit alternative.,Top 7 Replit Alternatives: Tested in Real-World Scenarios,Top 6 Collaborative Replit Alternatives for Teams in 2026,"Assuming you want Replit as a full stack AI software engineer you're looking at Replit, Bolt, Lovable and Lazy. They're all slightly different - budget ...Read more","Dec 25, 2025 — The best Replit alternatives right now are: Shipper.now, Lovable, Bolt.new, Cursor, v0, Windsurf, and CoPilot. That's the short ...Read more","Dec 11, 2025 — Popular Replit alternatives include GitHub Codespaces, CodeSandbox, StackBlitz (Bolt), Codeanywhere, Ona, and JetBrains, each supporting ...Read more"
salesforce open source alternative,87,70,4,"C,T",3,🔲 Не начато,n8n.io,,,,,,,,,,
salesforce alternatives open source,88,70,4,"C,T",3,🔲 Не начато,n8n.io,,,,https://github.com/twentyhq/twenty,Attio | CRM of the Next Era,Top Open Source CRM Tools - Top 10 CRM Tools - Top 10 CRM Apps,twentyhq/twenty: Building a modern alternative to ...,,,"A cohesive experience inspired by new UX patterns from tools like Notion, Airtable or Linear. We believe in Open-source and community.Read more"
free alternatives to myfitnesspal,89,170,12,"C,T",3,🔲 Не начато,n8n.io,,https://www.reddit.com/r/EatCheapAndHealthy/comments/wws8ll/any_good_myfitnesspal_alternatives/,https://www.hootfitness.com/blog/best-myfitnesspal-alternatives-simple-smart-and-fun-food-tracking-apps-for-busy-pros,https://bodly.app/blog/best-free-myfitnesspal-alternatives-in-2025,Any good MyFitnessPal alternatives?,11 Best MyFitnessPal Alternatives for 2026 (Free & Paid) - Hoot,Best Free MyFitnessPal Alternatives in 2025,I've been working on MealByMeal as an easy MyFitnessPal alternative. You just text what you eat to a phone number and the food is automatically ...Read more,"Jan 5, 2026 — Which MyFitnessPal alternatives are free? If you want a free calorie counter, FatSecret and Foodnoms offer strong no-cost options. Hoot is ...Read more","Mar 1, 2025 — Top Free MyFitnessPal Alternatives in 2025 · 1. Bodly · 2. Cronometer · 3. Lose It! · 4. FatSecret · 5. Lifesum · 6. MacroFactor. Pros: Advanced ...Read more"
alternative to quickbooks for small business,90,390,32,"C,T",2,🔲 Не начато,lovable.dev,,,https://www.reddit.com/r/smallbusiness/comments/1mk2v42/small_business_owner_here_any_good_alternatives/,https://www.accountingseed.com/quickbooks-alternatives/,Xero: an alternative software to QuickBooks,Small business owner here: Any good alternatives to Quick ...,9 QuickBooks Alternatives for Growing Businesses,,"I'd say for a simple service-based business that is most concerned with having great invoicing and project management tooks, FreshBooks is ...Read more",This guide will cover the following QuickBooks alternatives: Certinia (formerly FinancialForce); FreshBooks; Microsoft Dynamics 365 Business Central; Oracle ...Read more
notion alternative open source,91,90,7,"C,T",3,🔲 Не начато,n8n.io,,,,,,,,,,
alternative to power automate,92,90,7,"C,T",3,🔲 Не начато,n8n.io,,https://www.activepieces.com/blog/14-microsoft-power-automate-alternatives,https://www.reddit.com/r/automation/comments/1gq52v6/what_is_the_best_automation_tool_from_people_who/,https://www.gumloop.com/blog/power-automate-alternatives,14 Best Alternatives to Power Automate in 2026,What is the best Automation tool? (from people who have ...,10 Microsoft Power Automate alternatives to try in 2026,"Mar 13, 2026 — 14 Best Alternatives to Power Automate in 2026 · 1. Activepieces · 2. Zapier · 3. Make · 4. n8n · 5. IFTTT · 6. Workato · 7. UiPath · 8.Read more",I'd recommend starting with Zapier for versatility or Power Automate if you're on a budget and also use Microsoft tools. ... for zapier or make ...Read more,10 best Power Automate alternatives & competitors · 1. Gumloop · 2. n8n · 3. Zapier · 4. StackAI · 5. Lindy AI · 6. UiPath · 7. IFTTT · 8. Make.Read more
skyscanner alternatives,93,140,12,"C,T",3,🔲 Не начато,n8n.io,,https://www.reddit.com/r/unitedairlines/comments/1ncdzwt/aside_from_skyscanner_what_website_do_you_use_to/,https://roamingsonaa.com/skyscanner-alternatives/,https://www.alternativeairlines.com/pt/alternative-to-skyscanner,aside from skyscanner what website do you use to ...,7 Amazing Skyscanner Alternatives For Booking Travel,A Melhor Alternativa ao Skyscanner,aside from skyscanner what website do you use to compare flight prices? i forgot the one recommended to me.Read more,Best Skyscanner Alternatives for Booking Travel · 1. Flightlist · 2. Google Flights · 3. Omio · 4. Wayaway · 5. AirHelp · 7. ITA Matrix · 7. Kiwi. For ...Read more,"À procura de uma alternativa ao Skyscanner? Oferecemos mais de 600 companhias aéreas, 25 formas de pagamento e temos uma excelente equipa de Atendimento ao ..."
zendesk alternatives open source,94,90,8,"C,T",3,🔲 Не начато,retool.com,,,,,,,,,,
alternative to webflow,95,70,6,"C,T",3,🔲 Не начато,webflow.com,,,,,Easiest website maker,Best Website Builder - No Code,Construtor De Sites - 5 Melhores Criadores de Sites,,,
alternatives to webflow,96,70,6,"C,T",3,🔲 Не начато,webflow.com,,,,,Construa Sem Código,Stunning Websites. No Code,Best no-code website maker,,,
self hosted jira alternative,97,50,4,"C,T",3,🔲 Не начато,n8n.io,,,,,,,,,,
jira alternative open source,98,70,7,"C,T",3,🔲 Не начато,n8n.io,,https://www.openproject.org/blog/open-source-jira-alternative/,https://github.com/makeplane/plane,https://plane.so/blog/11-jira-alternatives-you-can-self-host-in-2026,OpenProject: The open source alternative to Jira,"makeplane/plane: 🔥🔥🔥 Open-source Jira, Linear ...",11 Jira alternatives you can self-host in 2026,"Mar 10, 2025 — OpenProject is a Jira alternative and offers advanced features, such as Gantt charts, time and cost tracking.","Open-source Jira, Linear, Monday, and ClickUp alternative. Plane is a modern project management platform to manage tasks, sprints, docs, and triage.","Mar 3, 2026 — 7. WeKan ... WeKan is a fully free, open-source Trello replacement focused purely on Kanban boards. Its largest known deployment serves 30,000 ...Read more"
open source matlab alternative,99,70,7,"C,T",3,🔲 Не начато,n8n.io,,https://opensource.com/alternatives/matlab,https://www.reddit.com/r/AskEngineers/comments/14b859t/any_good_alternatives_for_matlab/,https://octave.org/,5 open source alternatives to MATLAB,Any Good Alternatives for Matlab? : r/AskEngineers,GNU Octave,"GNU Octave may be the best-known alternative to MATLAB. In active development for almost three decades, Octave runs on Linux, Windows, and Mac.Read more",Hopsan https://liu.se/en/research/hopsan and Project Chrono https://projectchrono.org/ may be good Simulink alternatives. You can ...Read more,"The Octave syntax is largely compatible with Matlab. The Octave interpreter can be run in GUI mode, as a console, or invoked as part of a shell script.Read more"
alternatives to twilio,100,140,16,"C,T",3,🔲 Не начато,n8n.io,,https://twixor.ai/blog/twilio-alternatives/,https://www.reddit.com/r/twilio/comments/14630gh/twilio_alternative_for_sending_text_messages/,https://www.bitrix24.com/alternatives/free-twilio-alternative.php,9 Best Twilio Alternatives With Lower Costs and Better ...,Twilio Alternative for sending text messages,Free Twilio Alternative - Bitrix24,"Dec 5, 2025 — Best Twilio Alternatives to Consider in 2025 · 1. Twixor · 2. Wati · 3. Yellow.ai · 4. Exotel · 5. Infobip · 6. MessageBird · 7. Sinch · 8.Read more","You can use the SMS Gateway Emulator, which simulates the Twilio API for sending SMS through an Android phone. It's a great tool for testing SMS ...Read more","Bitrix24 offers a free plan with a set of communication tools such as voice calls, SMS, chat, and video conferencing, making it a cost-effective alternative to ...Read more"
best alternative to facebook,101,110,13,"C,T",3,🔲 Не начато,n8n.io,,,,,,,,,,
alternatives to ynab,102,140,17,"C,T",3,🔲 Не начато,n8n.io,,https://www.reddit.com/r/ynab/comments/1dssll4/alternatives/,https://robberger.com/ynab-alternatives/,https://www.pocketsmith.com/ynab-alternative/,Alternatives? : r/ynab,YNAB Alternatives: 5 Better Options for Budgeting and ...,Meet the best YNAB alternative,"PocketGuard - good free version, or $75 per year and I recommend this one because of in depth spending insights, robust categorization, and debt ...Read more",Simplifi from the makers of Quicken is an excellent YNAB alternative. It allows for the easy creation of zero-based budgets. It does this through what it calls ...Read more,"PocketSmith is the best alternative to YNAB. Of all the YNAB alternatives we have the features you're missing, forecasting, advanced customization ..."
squarespace alternative,103,170,21,"C,T",3,🔲 Не начато,keywords_info,,,,,,,,,,
wix alternative,104,140,18,"C,T",3,🔲 Не начато,keywords_info,,https://www.experte.com/website-builder/wix-alternative,https://www.reddit.com/r/nocode/comments/1g15wve/wix_alternative/,https://www.websiteplanet.com/blog/wix-alternatives-free-paid-best-wix-competitors/,Best Wix Alternatives: 15 Website Builders Reviewed,Wix alternative : r/nocode,10 Best Wix Alternatives: Cheaper and Better Builders in ...,5 of the Best Alternatives to Wix · Better Templates: Squarespace · Easier to Use: Strikingly · Better for Larger Online Stores: Shopify · Mix of CMS & Builder: ...Read more,"There are so many such as Softr, bubble, squarespace, flutterflow, webflow, weweb+xano, WordPress, hostinger, ionos, godaddy, jimdo, duda and a ...Read more","Mar 20, 2026 — Other Notable Free and Cheap Wix Alternatives · 7. Shopify · 8. BigCommerce · 9. WordPress.com · 10. Network Solutions Website Builder. Network ...Read more"
jira open source alternative,105,70,10,"C,T",3,🔲 Не начато,n8n.io,,https://www.openproject.org/blog/open-source-jira-alternative/,https://plane.so/blog/11-jira-alternatives-you-can-self-host-in-2026,https://www.reddit.com/r/devops/comments/1oijtow/selfhosted_alternatives_to_jira_that_dont_require/,OpenProject: The open source alternative to Jira,11 Jira alternatives you can self-host in 2026,Self-hosted alternatives to Jira that don't require a PhD ...,"Mar 10, 2025 — OpenProject is a Jira alternative and offers advanced features, such as Gantt charts, time and cost tracking.","Mar 3, 2026 — Jira Server is dead. Data Center ends in 2029. Compare 11 self-hosted alternatives across features, deployment, licensing, and compliance.",Open source alternatives to Jira. Alternatives to Confluence. Top tools for automating DevOps workflows. Best practices for CI/CD implementation.Read more
open source alternatives to jira,106,50,7,"C,T",3,🔲 Не начато,n8n.io,,,,,Try Jira™ For Free,Redmine vs Jira: which project management software is better,Compare the top tools for engineering and product teams in 2026,,,
best alternatives to wordpress,107,70,11,"C,T",3,🔲 Не начато,webflow.com,,https://zapier.com/blog/wordpress-alternatives/,https://www.reddit.com/r/webdev/comments/17bvh3w/i_keep_coming_back_to_wordpress_are_there_any/,https://darn.es/wordpress-alternatives/,The 10 best WordPress alternatives in 2026,I keep coming back to WordPress are there any ...,WordPress Alternatives,"Jan 28, 2026 — Which WordPress alternative should you choose? · Wix · Squarespace · Ghost · Shopify · Webflow · Canva · HubSpot · Zapier Forms · WordPress. Try ...Read more",Drupal is a true CMS and gives you everything you need. It's much much more powerful than WordPress in my opinion. The vast majority of Federal ...Read more,"Oct 9, 2024 — WordPress Alternatives · Ghost: The best open source blog & newsletter platform · Magic Pages · Kirby is the CMS that adapts to you · Indiekit.Read more"
airtable open source alternative,108,50,8,"C,T",3,🔲 Не начато,n8n.io,,https://github.com/nocodb/nocodb,https://www.reddit.com/r/selfhosted/comments/16u9ri4/opensource_airtable_alternative_with_all_features/,https://www.openproject.org/project-management-software-alternatives/best-airtable-alternative/,nocodb/nocodb: 🔥 🔥 🔥 A Free & Self-hostable Airtable ...,Open-Source Airtable alternative with all features?,"Best Airtable Alternative, open source and self-hosted",Auto-upstall is a single command that sets up NocoDB on a server for production usage. Behind the scenes it auto-generates docker-compose for you.Read more,Nocodb is the closest in terms of features. It's also quite good at importing Airtable tables via access token. Since the Airtable price hike is ...Read more,OpenProject is the best open source Airtable alternative for project management. Airtable is a cloud-based database management tool with project management ...Read more
trello self hosted alternative,109,50,8,"C,T",3,🔲 Не начато,n8n.io,,https://www.reddit.com/r/selfhosted/comments/142vwm6/trello_alternative/,https://opensource.com/alternatives/trello,https://www.focalboard.com/,Trello Alternative : r/selfhosted,5 open source alternatives to Trello,"Focalboard: Open source alternative to Trello, Asana, and ...","Planka is like trello, but free, self-hosted, with unlimited everything (boards, users, ...). It's fairly easy to install, as well. Highly ...Read more",5 open source alternatives to Trello · Taiga. First up is Taiga.io. · Kanboard. Kanboard is a fairly minimalist entry into the world of open source kanban boards.Read more,"Focalboard is an open source alternative to tools like Asana, Trello, and Notion. Check out the source code on GitHub, and contribute to the future of this ...Read more"
best alternative for wordpress,110,70,15,"C,T",3,🔲 Не начато,webflow.com,,https://zapier.com/blog/wordpress-alternatives/,https://www.reddit.com/r/webdev/comments/1igwedw/good_alternatives_to_wordpress/,https://www.tooltester.com/en/blog/wordpress-alternatives/,The 10 best WordPress alternatives in 2026,Good Alternatives to Wordpress : r/webdev,12 Best WordPress Alternatives for 2026: Which one to use?,"Jan 28, 2026 — Which WordPress alternative should you choose? · Wix · Squarespace · Ghost · Shopify · Webflow · Canva · HubSpot · Zapier Forms · WordPress. Try ...Read more","Try Vvveb CMS it's similar to Wordpress and has a builtin page builder, blog, seo and ecommerce.Read more","Sep 29, 2025 — The 12 Best WordPress Alternatives · 1. Wix: The most flexible designs · 2. Squarespace: best WordPress alternative for bloggers · 3. Webflow: ...Read more"
better alternative to wordpress,111,70,16,"C,T",3,🔲 Не начато,webflow.com,,https://zapier.com/blog/wordpress-alternatives/,https://www.reddit.com/r/webdev/comments/17bvh3w/i_keep_coming_back_to_wordpress_are_there_any/,https://darn.es/wordpress-alternatives/,The 10 best WordPress alternatives in 2026,I keep coming back to WordPress are there any ...,WordPress Alternatives,"Jan 28, 2026 — The best WordPress alternatives · Wix for overall website building · Squarespace for ease of use · Ghost for blogging · Shopify for eCommerce.Read more",Drupal is a true CMS and gives you everything you need. It's much much more powerful than WordPress in my opinion. The vast majority of Federal ...Read more,"Oct 9, 2024 — WordPress Alternatives · Ghost: The best open source blog & newsletter platform · Magic Pages · Kirby is the CMS that adapts to you · Indiekit.Read more"
docusign alternatives for small business,112,50,18,"C,T",3,🔲 Не начато,n8n.io,,https://www.reddit.com/r/SaaS/comments/1psr56p/looking_for_reliable_docusign_alternatives_for_my/,https://www.opensignlabs.com/,https://www.docuseal.com/,Looking for reliable DocuSign alternatives for my small ...,OpenSign™ | The Free & OpenSource Alternative to Docusign,DocuSeal | Open Source Document Signing,"One alternative I've been using is BoloSign. It's significantly cheaper and still covers the essentials like sending PDFs for signature, ...Read more","Discover OpenSign™, the leading open-source DocuSign alternative for secure & reliable PDF document signing. Our platform offers state-of-the-art encryption ...","The usability and easy accessibility of the available tools to be used both in the Cloud and On-premise, makes Docuseal a viable alternative to DocuSign.Read more"
coc alternatives,113,50,31,"C,T",3,🔲 Не начато,replit.com,,https://www.reddit.com/r/BaseBuildingGames/comments/10c2vub/any_mobile_games_better_than_clash_of_clans/,https://minireview.io/strategy/clash-of-clans/games-like,https://clash-of-clans.en.softonic.com/android/alternatives,Any mobile games better than Clash of Clans?,25+ Games Like Clash of Clans,Top 7 free Games like Clash of Clans for Android,"Boom Beach: Developed by Supercell, the same company behind Clash of Clans, Boom Beach offers a similar gameplay experience with base building, ...Read more",#1 Gods of Olympus · #2 Stellaris: Galaxy Command · #3 DOFUS Touch: A WAKFU Prequel · #4 Zero City: Bunker and Shelter · #5 Unciv · #6 Tactile Wars · #7 Grimoria: ...Read more,"Find the best free games like Clash of Clans for Android. More than 7 alternatives to choose: Clash Royale, Hay Day, Boom Beach and more."
